date,epoch,n_observations,learning_rate,tau,lambda,pinball_mean,gradient_norm,forecast,actual
1980-01-01,1,250,0.0001,0.95,1.0,0.024860076904296875,0.6834122375030321,0.29994839429855347,0.0
1980-01-01,2,250,0.0001,0.95,1.0,0.024861276626586912,8.513853953989612,0.3007985055446625,0.0
1980-01-01,3,250,0.0001,0.95,1.0,0.024868045806884766,2.54308707719681,0.3005484640598297,0.0
1980-01-01,4,250,0.0001,0.95,1.0,0.02486554527282715,2.5430671651557977,0.30029842257499695,0.0
1980-01-01,5,250,0.0001,0.95,1.0,0.024863044738769532,2.543047237783528,0.3000484108924866,0.0
1980-01-01,6,250,0.0001,0.95,1.0,0.024860544204711912,2.5430298110848213,0.2997983694076538,0.0
1980-01-01,7,250,0.0001,0.95,1.0,0.024866371154785155,8.513817599252272,0.3006484806537628,0.0
1980-01-01,8,250,0.0001,0.95,1.0,0.024866544723510742,2.5429978240715645,0.30039843916893005,0.0
1980-01-01,9,250,0.0001,0.95,1.0,0.024864042282104492,2.54297793284219,0.3001484274864197,0.0
1980-01-01,10,250,0.0001,0.95,1.0,0.024861541748046875,2.542960534715852,0.2998983860015869,0.0
1980-01-01,11,250,0.0001,0.95,1.0,0.024862966537475585,8.51379096181629,0.3007484972476959,0.0
1980-01-01,12,250,0.0001,0.95,1.0,0.024867542266845705,2.5429286750054336,0.30049845576286316,0.0
1980-01-01,13,250,0.0001,0.95,1.0,0.024865043640136718,2.542908814245569,0.3002484440803528,0.0
1980-01-01,14,250,0.0001,0.95,1.0,0.024862541198730468,2.542891447063619,0.29999840259552,0.0
1980-01-01,15,250,0.0001,0.95,1.0,0.024860069274902342,0.6824884421403862,0.29994839429855347,0.0
1980-01-01,16,250,0.0001,0.95,1.0,0.024861263275146483,8.513758498281708,0.3007985055446625,0.0
1980-01-01,17,250,0.0001,0.95,1.0,0.024868040084838866,2.542842131478406,0.3005484640598297,0.0
1980-01-01,18,250,0.0001,0.95,1.0,0.02486553955078125,2.5428223087092463,0.30029845237731934,0.0
1980-01-01,19,250,0.0001,0.95,1.0,0.024863037109375,2.5428049767728242,0.3000484108924866,0.0
1980-01-01,20,250,0.0001,0.95,1.0,0.024860538482666016,2.542787653760396,0.2997983992099762,0.0
1980-01-01,21,250,0.0001,0.95,1.0,0.02486635971069336,8.513730082669577,0.3006484806537628,0.0
1980-01-01,22,250,0.0001,0.95,1.0,0.024866537094116212,2.542753250656862,0.30039846897125244,0.0
1980-01-01,23,250,0.0001,0.95,1.0,0.024864036560058592,2.5427359497604884,0.3001484274864197,0.0
1980-01-01,24,250,0.0001,0.95,1.0,0.024861536026000976,2.5427186554308854,0.2998984158039093,0.0
1980-01-01,25,250,0.0001,0.95,1.0,0.02486295509338379,8.513707325423843,0.3007484972476959,0.0
1980-01-01,26,250,0.0001,0.95,1.0,0.024867534637451172,2.542684309219979,0.30049848556518555,0.0
1980-01-01,27,250,0.0001,0.95,1.0,0.024865032196044922,2.542667033803236,0.3002484440803528,0.0
1980-01-01,28,250,0.0001,0.95,1.0,0.02486253356933594,2.542649767746648,0.2999984323978424,0.0
1980-01-01,29,250,0.0001,0.95,1.0,0.02486005973815918,0.681586112482528,0.29994842410087585,0.0
1980-01-01,30,250,0.0001,0.95,1.0,0.024861251831054688,8.513678944963976,0.3007985055446625,0.0
1980-01-01,31,250,0.0001,0.95,1.0,0.024868032455444337,2.542598274283793,0.3005484938621521,0.0
1980-01-01,32,250,0.0001,0.95,1.0,0.02486553382873535,2.5425810339617274,0.30029845237731934,0.0
1980-01-01,33,250,0.0001,0.95,1.0,0.02486302947998047,2.5425638028518454,0.30004844069480896,0.0
1980-01-01,34,250,0.0001,0.95,1.0,0.024860530853271483,2.542547301479861,0.2997983992099762,0.0
1980-01-01,35,250,0.0001,0.95,1.0,0.02486634635925293,8.513650292900962,0.3006485104560852,0.0
1980-01-01,36,250,0.0001,0.95,1.0,0.024866527557373046,2.542512376513398,0.30039846897125244,0.0
1980-01-01,37,250,0.0001,0.95,1.0,0.024864028930664063,2.5424959021772784,0.3001484274864197,0.0
1980-01-01,38,250,0.0001,0.95,1.0,0.024861528396606446,2.5424787026796953,0.2998984158039093,0.0
1980-01-01,39,250,0.0001,0.95,1.0,0.024862939834594727,8.513627688700527,0.3007485270500183,0.0
1980-01-01,40,250,0.0001,0.95,1.0,0.02486752700805664,2.5424451296696797,0.30049848556518555,0.0
1980-01-01,41,250,0.0001,0.95,1.0,0.024865028381347656,2.5424279514069608,0.3002484440803528,0.0
1980-01-01,42,250,0.0001,0.95,1.0,0.024862525939941406,2.5424107856203193,0.2999984323978424,0.0
1980-01-01,43,250,0.0001,0.95,1.0,0.024860052108764647,0.6806860403408969,0.29994842410087585,0.0
1980-01-01,44,250,0.0001,0.95,1.0,0.024861236572265626,8.51359599652813,0.30079853534698486,0.0
1980-01-01,45,250,0.0001,0.95,1.0,0.024868026733398437,2.5423604128296007,0.3005484938621521,0.0
1980-01-01,46,250,0.0001,0.95,1.0,0.024865524291992187,2.5423432689901824,0.30029845237731934,0.0
1980-01-01,47,250,0.0001,0.95,1.0,0.02486302375793457,2.5423261374560084,0.30004844069480896,0.0
1980-01-01,48,250,0.0001,0.95,1.0,0.024860525131225587,2.5423085437294723,0.2997983992099762,0.0
1980-01-01,49,250,0.0001,0.95,1.0,0.02486633491516113,8.513566259223923,0.3006485104560852,0.0
1980-01-01,50,250,0.0001,0.95,1.0,0.024866521835327147,2.542275638439109,0.30039846897125244,0.0
1980-01-01,51,250,0.0001,0.95,1.0,0.02486402130126953,2.5422585321502837,0.30014845728874207,0.0
1980-01-01,52,250,0.0001,0.95,1.0,0.024861522674560547,2.5422414375951994,0.2998984158039093,0.0
1980-01-01,53,250,0.0001,0.95,1.0,0.024862928390502928,8.513536481073864,0.3007485270500183,0.0
1980-01-01,54,250,0.0001,0.95,1.0,0.02486751937866211,2.5422074963904624,0.30049848556518555,0.0
1980-01-01,55,250,0.0001,0.95,1.0,0.024865020751953126,2.542190421126236,0.3002484440803528,0.0
1980-01-01,56,250,0.0001,0.95,1.0,0.024862518310546877,2.542173349330758,0.2999984323978424,0.0
1980-01-01,57,250,0.0001,0.95,1.0,0.024860044479370118,0.6797805338474313,0.29994842410087585,0.0
1980-01-01,58,250,0.0001,0.95,1.0,0.024861225128173826,8.513508500773902,0.3007985055446625,0.0
1980-01-01,59,250,0.0001,0.95,1.0,0.024868019104003908,2.5421224532406104,0.3005484938621521,0.0
1980-01-01,60,250,0.0001,0.95,1.0,0.024865516662597655,2.542105415621245,0.30029845237731934,0.0
1980-01-01,61,250,0.0001,0.95,1.0,0.02486301803588867,2.5420883783571795,0.30004844069480896,0.0
1980-01-01,62,250,0.0001,0.95,1.0,0.02486051559448242,2.5420689070394062,0.2997983992099762,0.0
1980-01-01,63,250,0.0001,0.95,1.0,0.024866321563720702,8.513480668950741,0.3006485104560852,0.0
1980-01-01,64,250,0.0001,0.95,1.0,0.02486651611328125,2.5420375548251424,0.30039846897125244,0.0
1980-01-01,65,250,0.0001,0.95,1.0,0.024864013671875,2.542018102560778,0.3001484274864197,0.0
1980-01-01,66,250,0.0001,0.95,1.0,0.024861515045166014,2.5420011054601246,0.2998984158039093,0.0
1980-01-01,67,250,0.0001,0.95,1.0,0.024862916946411132,8.513458382982831,0.3007484972476959,0.0
1980-01-01,68,250,0.0001,0.95,1.0,0.02486751365661621,2.541969811234024,0.30049848556518555,0.0
1980-01-01,69,250,0.0001,0.95,1.0,0.024865013122558594,2.5419503945998945,0.3002484440803528,0.0
1980-01-01,70,250,0.0001,0.95,1.0,0.024862510681152344,2.541933423392004,0.2999984323978424,0.0
1980-01-01,71,250,0.0001,0.95,1.0,0.024860038757324218,0.6788908599159309,0.29994842410087585,0.0
1980-01-01,72,250,0.0001,0.95,1.0,0.02486121368408203,8.51343058720178,0.3007985055446625,0.0
1980-01-01,73,250,0.0001,0.95,1.0,0.024868011474609375,2.541885724412835,0.3005484938621521,0.0
1980-01-01,74,250,0.0001,0.95,1.0,0.024865509033203125,2.541866351338577,0.30029845237731934,0.0
1980-01-01,75,250,0.0001,0.95,1.0,0.024863010406494142,2.541849417274222,0.30004844069480896,0.0
1980-01-01,76,250,0.0001,0.95,1.0,0.024860507965087892,2.541832489703774,0.2997983992099762,0.0
1980-01-01,77,250,0.0001,0.95,1.0,0.024866310119628907,8.513399245015785,0.3006485104560852,0.0
1980-01-01,78,250,0.0001,0.95,1.0,0.024866506576538085,2.541799847236721,0.30039846897125244,0.0
1980-01-01,79,250,0.0001,0.95,1.0,0.024864009857177734,2.5417829411715536,0.3001484274864197,0.0
1980-01-01,80,250,0.0001,0.95,1.0,0.024861507415771485,2.5417660414633803,0.2998984158039093,0.0
1980-01-01,81,250,0.0001,0.95,1.0,0.02486290740966797,8.513369750997397,0.3007484972476959,0.0
1980-01-01,82,250,0.0001,0.95,1.0,0.024867507934570314,2.5417331247257624,0.30049848556518555,0.0
1980-01-01,83,250,0.0001,0.95,1.0,0.024865005493164064,2.541716243419498,0.3002484440803528,0.0
1980-01-01,84,250,0.0001,0.95,1.0,0.024862504959106444,2.5416993715738476,0.29999840259552,0.0
1980-01-01,85,250,0.0001,0.95,1.0,0.02486003112792969,0.6779928122096543,0.29994839429855347,0.0
1980-01-01,86,250,0.0001,0.95,1.0,0.024861202239990235,8.513338528179904,0.3007985055446625,0.0
1980-01-01,87,250,0.0001,0.95,1.0,0.024868005752563475,2.5416497369919178,0.3005484640598297,0.0
1980-01-01,88,250,0.0001,0.95,1.0,0.02486550521850586,2.5416328927937113,0.30029845237731934,0.0
1980-01-01,89,250,0.0001,0.95,1.0,0.02486300277709961,2.5416160552857776,0.3000484108924866,0.0
1980-01-01,90,250,0.0001,0.95,1.0,0.024860502243041992,2.54159922705616,0.2997983992099762,0.0
1980-01-01,91,250,0.0001,0.95,1.0,0.02486629867553711,8.513307505013854,0.3006484806537628,0.0
1980-01-01,92,250,0.0001,0.95,1.0,0.02486650276184082,2.5415658322024095,0.30039843916893005,0.0
1980-01-01,93,250,0.0001,0.95,1.0,0.024864000320434572,2.541549022889925,0.3001484274864197,0.0
1980-01-01,94,250,0.0001,0.95,1.0,0.024861501693725585,2.5415322168558907,0.2998983860015869,0.0
1980-01-01,95,250,0.0001,0.95,1.0,0.024862897872924804,8.513285542617098,0.3007484972476959,0.0
1980-01-01,96,250,0.0001,0.95,1.0,0.02486750030517578,2.5415019765911535,0.30049845576286316,0.0
1980-01-01,97,250,0.0001,0.95,1.0,0.024864999771118165,2.5414851936527927,0.3002484142780304,0.0
1980-01-01,98,250,0.0001,0.95,1.0,0.02486250114440918,2.5414670276746576,0.29999840259552,0.0
1980-01-01,99,250,0.0001,0.95,1.0,0.02486002540588379,0.6773135239598601,0.29994839429855347,0.0
1980-01-01,100,250,0.0001,0.95,1.0,0.02486119079589844,8.513392770529233,0.3007985055446625,0.0
1980-01-01,101,250,0.0001,0.95,1.0,0.024867998123168946,2.541420048259043,0.3005484640598297,0.0
1980-01-01,102,250,0.0001,0.95,1.0,0.02486549758911133,2.5414033022159095,0.30029842257499695,0.0
1980-01-01,103,250,0.0001,0.95,1.0,0.02486299705505371,2.541386559601158,0.3000484108924866,0.0
1980-01-01,104,250,0.0001,0.95,1.0,0.024860498428344726,2.5413698231633184,0.2997983694076538,0.0
1980-01-01,105,250,0.0001,0.95,1.0,0.024866291046142578,8.513357403229724,0.3006484806537628,0.0
1980-01-01,106,250,0.0001,0.95,1.0,0.024866497039794922,2.541338269217713,0.30039843916893005,0.0
1980-01-01,107,250,0.0001,0.95,1.0,0.024863994598388672,2.541321550785171,0.3001484274864197,0.0
1980-01-01,108,250,0.0001,0.95,1.0,0.024861492156982423,2.5413038523031224,0.2998983860015869,0.0
1980-01-01,109,250,0.0001,0.95,1.0,0.024862886428833008,8.513331383653853,0.3007484972476959,0.0
1980-01-01,110,250,0.0001,0.95,1.0,0.02486749267578125,2.541273450060342,0.30049845576286316,0.0
1980-01-01,111,250,0.0001,0.95,1.0,0.024864994049072265,2.541256761745112,0.3002484142780304,0.0
1980-01-01,112,250,0.0001,0.95,1.0,0.024862491607666015,2.5412400803179125,0.29999840259552,0.0
1980-01-01,113,250,0.0001,0.95,1.0,0.024860015869140627,0.6763859973937035,0.29994839429855347,0.0
1980-01-01,114,250,0.0001,0.95,1.0,0.02486117935180664,8.513292296459316,0.3007984757423401,0.0
1980-01-01,115,250,0.0001,0.95,1.0,0.024867992401123046,2.5411903919582515,0.3005484640598297,0.0
1980-01-01,116,250,0.0001,0.95,1.0,0.02486549186706543,2.541173741442188,0.30029842257499695,0.0
1980-01-01,117,250,0.0001,0.95,1.0,0.02486298942565918,2.5411570943904005,0.3000483810901642,0.0
1980-01-01,118,250,0.0001,0.95,1.0,0.024860490798950197,2.541140450837333,0.2997983694076538,0.0
1980-01-01,119,250,0.0001,0.95,1.0,0.02486627769470215,8.51326505530084,0.30064845085144043,0.0
1980-01-01,120,250,0.0001,0.95,1.0,0.02486648941040039,2.5411096219806004,0.30039843916893005,0.0
1980-01-01,121,250,0.0001,0.95,1.0,0.024863988876342773,2.541092999522523,0.3001483976840973,0.0
1980-01-01,122,250,0.0001,0.95,1.0,0.024861488342285156,2.541076386301638,0.2998983561992645,0.0
1980-01-01,123,250,0.0001,0.95,1.0,0.024862874984741212,8.513231179339133,0.30074846744537354,0.0
1980-01-01,124,250,0.0001,0.95,1.0,0.024867486953735352,2.541047085212881,0.30049842596054077,0.0
1980-01-01,125,250,0.0001,0.95,1.0,0.02486498832702637,2.5410304915179704,0.300248384475708,0.0
1980-01-01,126,250,0.0001,0.95,1.0,0.024862483978271486,2.54101390430064,0.29999837279319763,0.0
1980-01-01,127,250,0.0001,0.95,1.0,0.024860008239746094,0.6754658148752618,0.2999483644962311,0.0
1980-01-01,128,250,0.0001,0.95,1.0,0.02486117172241211,8.513192634792032,0.3007985055446625,0.0
1980-01-01,129,250,0.0001,0.95,1.0,0.024867984771728517,2.54096561052833,0.3005484640598297,0.0
1980-01-01,130,250,0.0001,0.95,1.0,0.02486548614501953,2.5409490504687757,0.30029842257499695,0.0
1980-01-01,131,250,0.0001,0.95,1.0,0.02486298370361328,2.540932496933214,0.3000483810901642,0.0
1980-01-01,132,250,0.0001,0.95,1.0,0.024860485076904297,2.5409159498873817,0.2997983396053314,0.0
1980-01-01,133,250,0.0001,0.95,1.0,0.024866268157958983,8.513158724155165,0.3006485104560852,0.0
1980-01-01,134,250,0.0001,0.95,1.0,0.024866483688354493,2.540883207180455,0.30039846897125244,0.0
1980-01-01,135,250,0.0001,0.95,1.0,0.024863983154296877,2.540866681645688,0.3001484274864197,0.0
1980-01-01,136,250,0.0001,0.95,1.0,0.024861482620239257,2.5408501596917716,0.2998983860015869,0.0
1980-01-01,137,250,0.0001,0.95,1.0,0.024862865447998046,8.513137288455617,0.3007485568523407,0.0
1980-01-01,138,250,0.0001,0.95,1.0,0.024867481231689453,2.540817426115068,0.30049851536750793,0.0
1980-01-01,139,250,0.0001,0.95,1.0,0.024864978790283203,2.54080092920149,0.30024847388267517,0.0
1980-01-01,140,250,0.0001,0.95,1.0,0.02486248016357422,2.5407844323068662,0.2999984323978424,0.0
1980-01-01,141,250,0.0001,0.95,1.0,0.02486000061035156,0.6745814845204364,0.29994845390319824,0.0
1980-01-01,142,250,0.0001,0.95,1.0,0.02486116027832031,8.513110341999049,0.30079859495162964,0.0
1980-01-01,143,250,0.0001,0.95,1.0,0.024867979049682618,2.5407377515851954,0.3005485534667969,0.0
1980-01-01,144,250,0.0001,0.95,1.0,0.024865480422973634,2.54072002864939,0.3002985417842865,0.0
1980-01-01,145,250,0.0001,0.95,1.0,0.024862977981567384,2.540703565743497,0.30004850029945374,0.0
1980-01-01,146,250,0.0001,0.95,1.0,0.024860479354858397,2.540687112284544,0.29979845881462097,0.0
1980-01-01,147,250,0.0001,0.95,1.0,0.024866260528564454,8.513081733147088,0.30064859986305237,0.0
1980-01-01,148,250,0.0001,0.95,1.0,0.024866477966308594,2.5406591802627645,0.3003985583782196,0.0
1980-01-01,149,250,0.0001,0.95,1.0,0.024863977432250977,2.540642743034473,0.30014851689338684,0.0
1980-01-01,150,250,0.0001,0.95,1.0,0.024861478805541994,2.5406263122065496,0.2998984754085541,0.0
1980-01-01,151,250,0.0001,0.95,1.0,0.024862857818603517,8.513048828858178,0.30074864625930786,0.0
1980-01-01,152,250,0.0001,0.95,1.0,0.024867477416992186,2.5405956836166985,0.3004986047744751,0.0
1980-01-01,153,250,0.0001,0.95,1.0,0.024864974975585936,2.5405773727269083,0.30024856328964233,0.0
1980-01-01,154,250,0.0001,0.95,1.0,0.024862476348876953,2.5405609671600327,0.29999852180480957,0.0
1980-01-01,155,250,0.0001,0.95,1.0,0.024859992980957032,0.6736866392602574,0.299948513507843,0.0
1980-01-01,156,250,0.0001,0.95,1.0,0.024861154556274415,8.513018315928024,0.3007986843585968,0.0
1980-01-01,157,250,0.0001,0.95,1.0,0.02486797523498535,2.5405180182824947,0.30054864287376404,0.0
1980-01-01,158,250,0.0001,0.95,1.0,0.024865474700927735,2.540501639620226,0.3002986013889313,0.0
1980-01-01,159,250,0.0001,0.95,1.0,0.024862974166870118,2.540481053045905,0.3000485599040985,0.0
1980-01-01,160,250,0.0001,0.95,1.0,0.0248604736328125,2.540464690860751,0.29979851841926575,0.0
1980-01-01,161,250,0.0001,0.95,1.0,0.02486625289916992,8.512987958245823,0.30064868927001953,0.0
1980-01-01,162,250,0.0001,0.95,1.0,0.024866474151611327,2.5404365071339137,0.30039864778518677,0.0
1980-01-01,163,250,0.0001,0.95,1.0,0.024863971710205077,2.5404178294030215,0.300148606300354,0.0
1980-01-01,164,250,0.0001,0.95,1.0,0.024861469268798828,2.540399621357529,0.29989856481552124,0.0
1980-01-01,165,250,0.0001,0.95,1.0,0.024862850189208984,8.512959219856954,0.30074870586395264,0.0
1980-01-01,166,250,0.0001,0.95,1.0,0.024867473602294923,2.5403729550101906,0.3004986643791199,0.0
1980-01-01,167,250,0.0001,0.95,1.0,0.024864971160888674,2.540354302651166,0.3002486228942871,0.0
1980-01-01,168,250,0.0001,0.95,1.0,0.02486246871948242,2.540337997620478,0.29999858140945435,0.0
1980-01-01,169,250,0.0001,0.95,1.0,0.024859987258911132,0.6728064126412251,0.2999486029148102,0.0
1980-01-01,170,250,0.0001,0.95,1.0,0.024861146926879883,8.512928991020406,0.3007987439632416,0.0
1980-01-01,171,250,0.0001,0.95,1.0,0.024867971420288085,2.540293250262172,0.3005487024784088,0.0
1980-01-01,172,250,0.0001,0.95,1.0,0.024865468978881835,2.540274643091992,0.30029866099357605,0.0
1980-01-01,173,250,0.0001,0.95,1.0,0.024862966537475585,2.54025836583742,0.3000486195087433,0.0
1980-01-01,174,250,0.0001,0.95,1.0,0.02486046600341797,2.54024209732354,0.2997985780239105,0.0
1980-01-01,175,250,0.0001,0.95,1.0,0.024866249084472655,8.51289893334452,0.3006487488746643,0.0
1980-01-01,176,250,0.0001,0.95,1.0,0.024866466522216798,2.5402114318409805,0.30039870738983154,0.0
1980-01-01,177,250,0.0001,0.95,1.0,0.024863964080810548,2.5401951842568455,0.3001486659049988,0.0
1980-01-01,178,250,0.0001,0.95,1.0,0.02486146545410156,2.5401789374510484,0.29989859461784363,0.0
1980-01-01,179,250,0.0001,0.95,1.0,0.024862842559814455,8.5128719885614,0.3007487654685974,0.0
1980-01-01,180,250,0.0001,0.95,1.0,0.02486746597290039,2.5401483681070496,0.30049872398376465,0.0
1980-01-01,181,250,0.0001,0.95,1.0,0.024864965438842774,2.540130562190449,0.3002486824989319,0.0
1980-01-01,182,250,0.0001,0.95,1.0,0.024862464904785157,2.540114346457249,0.2999986410140991,0.0
1980-01-01,183,250,0.0001,0.95,1.0,0.024859979629516603,0.6719407275325858,0.29994863271713257,0.0
1980-01-01,184,250,0.0001,0.95,1.0,0.024861141204833983,8.512845639297094,0.30079880356788635,0.0
1980-01-01,185,250,0.0001,0.95,1.0,0.024867963790893555,2.5400677197501054,0.3005487620830536,0.0
1980-01-01,186,250,0.0001,0.95,1.0,0.02486546325683594,2.540051530748191,0.3002987205982208,0.0
1980-01-01,187,250,0.0001,0.95,1.0,0.024862964630126952,2.540035348254424,0.30004867911338806,0.0
1980-01-01,188,250,0.0001,0.95,1.0,0.024860462188720702,2.54001916914087,0.2997986078262329,0.0
1980-01-01,189,250,0.0001,0.95,1.0,0.024866241455078125,8.51281595186869,0.3006487786769867,0.0
1980-01-01,190,250,0.0001,0.95,1.0,0.02486646270751953,2.539988599030761,0.30039873719215393,0.0
1980-01-01,191,250,0.0001,0.95,1.0,0.02486396026611328,2.5399709900185985,0.30014869570732117,0.0
1980-01-01,192,250,0.0001,0.95,1.0,0.024861459732055665,2.539954835955867,0.2998986542224884,0.0
1980-01-01,193,250,0.0001,0.95,1.0,0.02486283874511719,8.512794977111968,0.3007487952709198,0.0
1980-01-01,194,250,0.0001,0.95,1.0,0.024867462158203124,2.5399270647106693,0.30049875378608704,0.0
1980-01-01,195,250,0.0001,0.95,1.0,0.02486495780944824,2.5399097458754696,0.3002487123012543,0.0
1980-01-01,196,250,0.0001,0.95,1.0,0.024862457275390625,2.5398936183969125,0.2999986708164215,0.0
1980-01-01,197,250,0.0001,0.95,1.0,0.024859973907470703,0.6710759259932166,0.29994866251945496,0.0
1980-01-01,198,250,0.0001,0.95,1.0,0.024861135482788087,8.512761523247587,0.30079883337020874,0.0
1980-01-01,199,250,0.0001,0.95,1.0,0.02486795997619629,2.5398484032879307,0.300548791885376,0.0
1980-01-01,200,250,0.0001,0.95,1.0,0.02486545753479004,2.5398307410443275,0.3002987504005432,0.0
1980-01-01,201,250,0.0001,0.95,1.0,0.024862957000732423,2.539814647383911,0.30004870891571045,0.0
1980-01-01,202,250,0.0001,0.95,1.0,0.024860456466674806,2.539799992952119,0.2997986674308777,0.0
1980-01-01,203,250,0.0001,0.95,1.0,0.024866233825683592,8.512741449706455,0.3006488084793091,0.0
1980-01-01,204,250,0.0001,0.95,1.0,0.024866455078125,2.5397697113444027,0.3003987669944763,0.0
1980-01-01,205,250,0.0001,0.95,1.0,0.024863956451416015,2.5397536569726027,0.30014872550964355,0.0
1980-01-01,206,250,0.0001,0.95,1.0,0.024861454010009765,2.5397375964688145,0.2998986840248108,0.0
1980-01-01,207,250,0.0001,0.95,1.0,0.024862834930419922,8.512716977727589,0.3007488250732422,0.0
1980-01-01,208,250,0.0001,0.95,1.0,0.024867454528808595,2.5397065341176837,0.3004987835884094,0.0
1980-01-01,209,250,0.0001,0.95,1.0,0.024864955902099608,2.539691190904026,0.30024874210357666,0.0
1980-01-01,210,250,0.0001,0.95,1.0,0.024862453460693358,2.5396751574281358,0.2999987006187439,0.0
1980-01-01,211,250,0.0001,0.95,1.0,0.024859970092773437,0.6702130707364402,0.29994869232177734,0.0
1980-01-01,212,250,0.0001,0.95,1.0,0.024861133575439454,8.512687286972188,0.30079886317253113,0.0
1980-01-01,213,250,0.0001,0.95,1.0,0.02486795425415039,2.539614734130886,0.30054882168769836,0.0
1980-01-01,214,250,0.0001,0.95,1.0,0.02486545181274414,2.539598721309094,0.3002987802028656,0.0
1980-01-01,215,250,0.0001,0.95,1.0,0.024862953186035156,2.5395827090739833,0.30004873871803284,0.0
1980-01-01,216,250,0.0001,0.95,1.0,0.024860450744628906,2.5395645256342068,0.2997986972332001,0.0
1980-01-01,217,250,0.0001,0.95,1.0,0.02486623001098633,8.512736682321016,0.30064886808395386,0.0
1980-01-01,218,250,0.0001,0.95,1.0,0.02486645317077637,2.5395350012755507,0.3003988265991211,0.0
1980-01-01,219,250,0.0001,0.95,1.0,0.024863950729370116,2.539519014126721,0.30014878511428833,0.0
1980-01-01,220,250,0.0001,0.95,1.0,0.0248614501953125,2.53950086271104,0.29989874362945557,0.0
1980-01-01,221,250,0.0001,0.95,1.0,0.02486282730102539,8.512715858286132,0.30074891448020935,0.0
1980-01-01,222,250,0.0001,0.95,1.0,0.02486745071411133,2.5394713849208106,0.3004988729953766,0.0
1980-01-01,223,250,0.0001,0.95,1.0,0.024864950180053712,2.539455426011848,0.3002488315105438,0.0
1980-01-01,224,250,0.0001,0.95,1.0,0.024862447738647462,2.5394373031500006,0.29999879002571106,0.0
1980-01-01,225,250,0.0001,0.95,1.0,0.024859962463378907,0.6695078447059066,0.2999487817287445,0.0
1980-01-01,226,250,0.0001,0.95,1.0,0.024861122131347658,8.512689468584675,0.3007989525794983,0.0
1980-01-01,227,250,0.0001,0.95,1.0,0.02486794662475586,2.5393919940763436,0.3005489110946655,0.0
1980-01-01,228,250,0.0001,0.95,1.0,0.024865447998046877,2.53937606665633,0.30029886960983276,0.0
1980-01-01,229,250,0.0001,0.95,1.0,0.024862947463989257,2.5393587960674693,0.300048828125,0.0
1980-01-01,230,250,0.0001,0.95,1.0,0.02486044692993164,2.5393428857917986,0.29979878664016724,0.0
1980-01-01,231,250,0.0001,0.95,1.0,0.024866222381591797,8.512663608638052,0.300648957490921,0.0
1980-01-01,232,250,0.0001,0.95,1.0,0.024866445541381836,2.539313531505758,0.30039891600608826,0.0
1980-01-01,233,250,0.0001,0.95,1.0,0.02486394500732422,2.539295471062069,0.3001488745212555,0.0
1980-01-01,234,250,0.0001,0.95,1.0,0.02486144256591797,2.539279592229714,0.29989883303642273,0.0
1980-01-01,235,250,0.0001,0.95,1.0,0.024862817764282227,8.5126429209458,0.3007490038871765,0.0
1980-01-01,236,250,0.0001,0.95,1.0,0.02486744499206543,2.53925028168225,0.30049896240234375,0.0
1980-01-01,237,250,0.0001,0.95,1.0,0.024864944458007812,2.539232252951321,0.300248920917511,0.0
1980-01-01,238,250,0.0001,0.95,1.0,0.024862442016601562,2.539216399432488,0.2999988794326782,0.0
1980-01-01,239,250,0.0001,0.95,1.0,0.024859954833984375,0.6686661716519008,0.29994890093803406,0.0
1980-01-01,240,250,0.0001,0.95,1.0,0.024861114501953125,8.512617098625686,0.30079904198646545,0.0
1980-01-01,241,250,0.0001,0.95,1.0,0.02486794090270996,2.539172388268867,0.3005490005016327,0.0
1980-01-01,242,250,0.0001,0.95,1.0,0.024865440368652344,2.5391544011900584,0.3002989888191223,0.0
1980-01-01,243,250,0.0001,0.95,1.0,0.02486294174194336,2.5391385752902114,0.30004894733428955,0.0
1980-01-01,244,250,0.0001,0.95,1.0,0.02486043930053711,2.539122752959682,0.2997989058494568,0.0
1980-01-01,245,250,0.0001,0.95,1.0,0.024866214752197267,8.512591538083493,0.3006490468978882,0.0
1980-01-01,246,250,0.0001,0.95,1.0,0.024866439819335937,2.5390914181671635,0.3003990054130554,0.0
1980-01-01,247,250,0.0001,0.95,1.0,0.024863937377929687,2.5390756173214157,0.30014899373054504,0.0
1980-01-01,248,250,0.0001,0.95,1.0,0.024861438751220703,2.539059823231912,0.2998989522457123,0.0
1980-01-01,249,250,0.0001,0.95,1.0,0.024862810134887694,8.512567245414868,0.3007490932941437,0.0
1980-01-01,250,250,0.0001,0.95,1.0,0.024867439270019533,2.539031005805119,0.3004990518093109,0.0
1980-01-01,251,250,0.0001,0.95,1.0,0.024864936828613283,2.5390152284029366,0.30024901032447815,0.0
1980-01-01,252,250,0.0001,0.95,1.0,0.024862436294555663,2.5389994632824577,0.2999989688396454,0.0
1980-01-01,253,250,0.0001,0.95,1.0,0.02485995101928711,0.6678120101131078,0.2999489903450012,0.0
1980-01-01,254,250,0.0001,0.95,1.0,0.024861106872558592,8.512534465846484,0.3007991313934326,0.0
1980-01-01,255,250,0.0001,0.95,1.0,0.024867938995361327,2.5389537426600404,0.30054908990859985,0.0
1980-01-01,256,250,0.0001,0.95,1.0,0.024865434646606444,2.5389379987196787,0.3002990484237671,0.0
1980-01-01,257,250,0.0001,0.95,1.0,0.02486293601989746,2.5389210951076384,0.3000490069389343,0.0
1980-01-01,258,250,0.0001,0.95,1.0,0.024860435485839844,2.5389053645488557,0.29979896545410156,0.0
1980-01-01,259,250,0.0001,0.95,1.0,0.024866207122802735,8.512509077301875,0.30064913630485535,0.0
1980-01-01,260,250,0.0001,0.95,1.0,0.02486643409729004,2.538876539537472,0.3003990948200226,0.0
1980-01-01,261,250,0.0001,0.95,1.0,0.02486393356323242,2.5388608263674697,0.3001490533351898,0.0
1980-01-01,262,250,0.0001,0.95,1.0,0.024861433029174804,2.5388439623732753,0.29989901185035706,0.0
1980-01-01,263,250,0.0001,0.95,1.0,0.024862804412841798,8.512485014207675,0.30074918270111084,0.0
1980-01-01,264,250,0.0001,0.95,1.0,0.024867433547973633,2.5388140186199903,0.3004991412162781,0.0
1980-01-01,265,250,0.0001,0.95,1.0,0.024864933013916016,2.538798330718806,0.3002490699291229,0.0
1980-01-01,266,250,0.0001,0.95,1.0,0.024862430572509767,2.5387826939597096,0.29999902844429016,0.0
1980-01-01,267,250,0.0001,0.95,1.0,0.02485994338989258,0.6669674402263359,0.299949049949646,0.0
1980-01-01,268,250,0.0001,0.95,1.0,0.024861101150512696,8.512456025343868,0.3007992208003998,0.0
1980-01-01,269,250,0.0001,0.95,1.0,0.024867931365966798,2.538737091200053,0.30054914951324463,0.0
1980-01-01,270,250,0.0001,0.95,1.0,0.02486543273925781,2.538721433902464,0.30029910802841187,0.0
1980-01-01,271,250,0.0001,0.95,1.0,0.024862932205200194,2.538706524443141,0.3000490665435791,0.0
1980-01-01,272,250,0.0001,0.95,1.0,0.024860431671142578,2.5386908765639755,0.29979902505874634,0.0
1980-01-01,273,250,0.0001,0.95,1.0,0.024866197586059572,8.51242655110311,0.3006491959095001,0.0
1980-01-01,274,250,0.0001,0.95,1.0,0.02486642837524414,2.538662196269061,0.30039915442466736,0.0
1980-01-01,275,250,0.0001,0.95,1.0,0.024863929748535157,2.5386465718132034,0.3001491129398346,0.0
1980-01-01,276,250,0.0001,0.95,1.0,0.024861427307128908,2.538630956604655,0.29989907145500183,0.0
1980-01-01,277,250,0.0001,0.95,1.0,0.024862796783447265,8.512398975902203,0.3007492125034332,0.0
1980-01-01,278,250,0.0001,0.95,1.0,0.024867427825927733,2.5386000387150003,0.30049917101860046,0.0
1980-01-01,279,250,0.0001,0.95,1.0,0.024864927291870117,2.5385844390071233,0.3002491295337677,0.0
1980-01-01,280,250,0.0001,0.95,1.0,0.0248624267578125,2.538568843112834,0.29999908804893494,0.0
1980-01-01,281,250,0.0001,0.95,1.0,0.024859935760498046,0.6661208859945656,0.2999490797519684,0.0
1980-01-01,282,250,0.0001,0.95,1.0,0.024861093521118163,8.512373696993523,0.30079925060272217,0.0
1980-01-01,283,250,0.0001,0.95,1.0,0.02486792755126953,2.5385254565271707,0.3005492091178894,0.0
1980-01-01,284,250,0.0001,0.95,1.0,0.02486542510986328,2.538509889895783,0.30029916763305664,0.0
1980-01-01,285,250,0.0001,0.95,1.0,0.024862922668457032,2.5384927841469853,0.3000491261482239,0.0
1980-01-01,286,250,0.0001,0.95,1.0,0.02486042404174805,2.5384772245269613,0.2997990846633911,0.0
1980-01-01,287,250,0.0001,0.95,1.0,0.024866191864013672,8.512345037998733,0.3006492257118225,0.0
1980-01-01,288,250,0.0001,0.95,1.0,0.02486642265319824,2.538447976685503,0.30039918422698975,0.0
1980-01-01,289,250,0.0001,0.95,1.0,0.02486392593383789,2.53843244121186,0.300149142742157,0.0
1980-01-01,290,250,0.0001,0.95,1.0,0.02486142349243164,2.5384169117083486,0.2998991012573242,0.0
1980-01-01,291,250,0.0001,0.95,1.0,0.024862789154052736,8.512321454752529,0.300749272108078,0.0
1980-01-01,292,250,0.0001,0.95,1.0,0.024867424011230467,2.5383862163382243,0.30049923062324524,0.0
1980-01-01,293,250,0.0001,0.95,1.0,0.024864921569824217,2.5383707026152718,0.3002491593360901,0.0
1980-01-01,294,250,0.0001,0.95,1.0,0.024862422943115234,2.538355198107597,0.2999991178512573,0.0
1980-01-01,295,250,0.0001,0.95,1.0,0.02485993003845215,0.6652866346655009,0.29994913935661316,0.0
1980-01-01,296,250,0.0001,0.95,1.0,0.024861087799072267,8.512296463744452,0.30079928040504456,0.0
1980-01-01,297,250,0.0001,0.95,1.0,0.024867921829223632,2.5383091204154558,0.3005492389202118,0.0
1980-01-01,298,250,0.0001,0.95,1.0,0.024865419387817382,2.5382936409401773,0.30029919743537903,0.0
1980-01-01,299,250,0.0001,0.95,1.0,0.0248629207611084,2.5382781674819346,0.30004915595054626,0.0
1980-01-01,300,250,0.0001,0.95,1.0,0.024860420227050782,2.5382627010498453,0.2997991144657135,0.0
1980-01-01,301,250,0.0001,0.95,1.0,0.024866186141967773,8.512271588730664,0.3006492555141449,0.0
1980-01-01,302,250,0.0001,0.95,1.0,0.024866418838500978,2.538232082437889,0.30039921402931213,0.0
1980-01-01,303,250,0.0001,0.95,1.0,0.024863918304443358,2.5382166406641677,0.30014917254447937,0.0
1980-01-01,304,250,0.0001,0.95,1.0,0.02486141777038574,2.5382011959185116,0.2998991310596466,0.0
1980-01-01,305,250,0.0001,0.95,1.0,0.02486278533935547,8.512251597238764,0.3007493019104004,0.0
1980-01-01,306,250,0.0001,0.95,1.0,0.02486741828918457,2.538170630881546,0.3004992604255676,0.0
1980-01-01,307,250,0.0001,0.95,1.0,0.024864917755126954,2.538155210898917,0.30024921894073486,0.0
1980-01-01,308,250,0.0001,0.95,1.0,0.024862417221069334,2.5381397945837127,0.2999991476535797,0.0
1980-01-01,309,250,0.0001,0.95,1.0,0.02485992431640625,0.6644640364020696,0.29994916915893555,0.0
1980-01-01,310,250,0.0001,0.95,1.0,0.024861082077026368,8.512226645031925,0.30079931020736694,0.0
1980-01-01,311,250,0.0001,0.95,1.0,0.024867916107177736,2.538095353662786,0.3005492687225342,0.0
1980-01-01,312,250,0.0001,0.95,1.0,0.024865415573120116,2.538078541727372,0.3002992272377014,0.0
1980-01-01,313,250,0.0001,0.95,1.0,0.0248629150390625,2.538063159863522,0.30004918575286865,0.0
1980-01-01,314,250,0.0001,0.95,1.0,0.024860414505004882,2.538047781094291,0.2997991442680359,0.0
1980-01-01,315,250,0.0001,0.95,1.0,0.024866180419921877,8.512201808729367,0.3006493151187897,0.0
1980-01-01,316,250,0.0001,0.95,1.0,0.024866415023803712,2.5380187568652737,0.3003992438316345,0.0
1980-01-01,317,250,0.0001,0.95,1.0,0.024863914489746095,2.538003401770619,0.30014920234680176,0.0
1980-01-01,318,250,0.0001,0.95,1.0,0.024861412048339845,2.5379880440832663,0.299899160861969,0.0
1980-01-01,319,250,0.0001,0.95,1.0,0.02486277961730957,8.51225054303898,0.3007493317127228,0.0
1980-01-01,320,250,0.0001,0.95,1.0,0.024867414474487304,2.5379605223962876,0.30049929022789,0.0
1980-01-01,321,250,0.0001,0.95,1.0,0.024864913940429688,2.5379438453563434,0.30024924874305725,0.0
1980-01-01,322,250,0.0001,0.95,1.0,0.02486241340637207,2.5379285177893616,0.2999992072582245,0.0
1980-01-01,323,250,0.0001,0.95,1.0,0.024859920501708984,0.6636368503909571,0.29994919896125793,0.0
1980-01-01,324,250,0.0001,0.95,1.0,0.024861076354980468,8.512222017138747,0.3007993698120117,0.0
1980-01-01,325,250,0.0001,0.95,1.0,0.024867910385131836,2.5378870776724334,0.30054932832717896,0.0
1980-01-01,326,250,0.0001,0.95,1.0,0.024865411758422853,2.5378703941045972,0.3002992570400238,0.0
1980-01-01,327,250,0.0001,0.95,1.0,0.024862911224365233,2.537855098903427,0.30004921555519104,0.0
1980-01-01,328,250,0.0001,0.95,1.0,0.024860408782958983,2.5378383658736805,0.2997991740703583,0.0
1980-01-01,329,250,0.0001,0.95,1.0,0.024866174697875977,8.512193524958551,0.30064934492111206,0.0
1980-01-01,330,250,0.0001,0.95,1.0,0.024866411209106445,2.5378109193099405,0.3003993034362793,0.0
1980-01-01,331,250,0.0001,0.95,1.0,0.02486391067504883,2.537795691629174,0.30014926195144653,0.0
1980-01-01,332,250,0.0001,0.95,1.0,0.024861406326293946,2.5377804209901247,0.2998991906642914,0.0
1980-01-01,333,250,0.0001,0.95,1.0,0.02486277198791504,8.512166420453193,0.30074936151504517,0.0
1980-01-01,334,250,0.0001,0.95,1.0,0.024867408752441405,2.5377517175565383,0.3004993200302124,0.0
1980-01-01,335,250,0.0001,0.95,1.0,0.024864906311035155,2.5377364675024316,0.30024927854537964,0.0
1980-01-01,336,250,0.0001,0.95,1.0,0.02486240768432617,2.537719724331424,0.2999992370605469,0.0
1980-01-01,337,250,0.0001,0.95,1.0,0.024859912872314455,0.6628088881684956,0.2999492287635803,0.0
1980-01-01,338,250,0.0001,0.95,1.0,0.024861070632934572,8.512141714280403,0.3007993996143341,0.0
1980-01-01,339,250,0.0001,0.95,1.0,0.024867908477783203,2.537675894169799,0.30054932832717896,0.0
1980-01-01,340,250,0.0001,0.95,1.0,0.024865406036376953,2.5376606724926893,0.3002992868423462,0.0
1980-01-01,341,250,0.0001,0.95,1.0,0.024862903594970703,2.5376454603008196,0.3000492453575134,0.0
1980-01-01,342,250,0.0001,0.95,1.0,0.02486040496826172,2.537630251252002,0.29979920387268066,0.0
1980-01-01,343,250,0.0001,0.95,1.0,0.02486617088317871,8.51211347798946,0.30064937472343445,0.0
1980-01-01,344,250,0.0001,0.95,1.0,0.024866405487060546,2.5376001723022887,0.3003993332386017,0.0
1980-01-01,345,250,0.0001,0.95,1.0,0.024863903045654296,2.5375849882027013,0.30014926195144653,0.0
1980-01-01,346,250,0.0001,0.95,1.0,0.024861404418945313,2.5375698009729843,0.29989922046661377,0.0
1980-01-01,347,250,0.0001,0.95,1.0,0.02486276626586914,8.512093815948848,0.30074939131736755,0.0
1980-01-01,348,250,0.0001,0.95,1.0,0.024867404937744142,2.5375397751439346,0.3004993498325348,0.0
1980-01-01,349,250,0.0001,0.95,1.0,0.024864902496337892,2.5375246101466535,0.300249308347702,0.0
1980-01-01,350,250,0.0001,0.95,1.0,0.024862401962280272,2.5375094542228687,0.2999992370605469,0.0
1980-01-01,351,250,0.0001,0.95,1.0,0.02485990905761719,0.6619936250985784,0.2999492585659027,0.0
1980-01-01,352,250,0.0001,0.95,1.0,0.024861064910888672,8.51206927167105,0.3007993996143341,0.0
1980-01-01,353,250,0.0001,0.95,1.0,0.024867902755737303,2.5374643862168798,0.30054935812950134,0.0
1980-01-01,354,250,0.0001,0.95,1.0,0.024865402221679687,2.537449255384811,0.3002993166446686,0.0
1980-01-01,355,250,0.0001,0.95,1.0,0.024862899780273437,2.5374341280870616,0.3000492751598358,0.0
1980-01-01,356,250,0.0001,0.95,1.0,0.024860401153564454,2.537419009863557,0.29979923367500305,0.0
1980-01-01,357,250,0.0001,0.95,1.0,0.02486616516113281,8.512044835365845,0.30064937472343445,0.0
1980-01-01,358,250,0.0001,0.95,1.0,0.024866401672363283,2.537390559383967,0.3003993332386017,0.0
1980-01-01,359,250,0.0001,0.95,1.0,0.02486389923095703,2.5373754591381763,0.3001492917537689,0.0
1980-01-01,360,250,0.0001,0.95,1.0,0.024861398696899413,2.5373603622895002,0.29989925026893616,0.0
1980-01-01,361,250,0.0001,0.95,1.0,0.024862764358520507,8.51202530087537,0.30074942111968994,0.0
1980-01-01,362,250,0.0001,0.95,1.0,0.02486739730834961,2.537330505876021,0.3004993498325348,0.0
1980-01-01,363,250,0.0001,0.95,1.0,0.024864898681640626,2.537315427720431,0.300249308347702,0.0
1980-01-01,364,250,0.0001,0.95,1.0,0.024862396240234376,2.537300358903934,0.29999926686286926,0.0
1980-01-01,365,250,0.0001,0.95,1.0,0.02485990333557129,0.661182047924882,0.2999492585659027,0.0
1980-01-01,366,250,0.0001,0.95,1.0,0.024861061096191406,8.511997263175722,0.3007994294166565,0.0
1980-01-01,367,250,0.0001,0.95,1.0,0.024867897033691407,2.537257018307901,0.30054938793182373,0.0
1980-01-01,368,250,0.0001,0.95,1.0,0.02486539649963379,2.5372419734278107,0.30029934644699097,0.0
1980-01-01,369,250,0.0001,0.95,1.0,0.02486289596557617,2.5372269290550156,0.3000492751598358,0.0
1980-01-01,370,250,0.0001,0.95,1.0,0.024860395431518554,2.5372104280280285,0.29979923367500305,0.0
1980-01-01,371,250,0.0001,0.95,1.0,0.024866161346435548,8.511972988036009,0.30064940452575684,0.0
1980-01-01,372,250,0.0001,0.95,1.0,0.02486639404296875,2.5371821630858475,0.3003993630409241,0.0
1980-01-01,373,250,0.0001,0.95,1.0,0.024863895416259767,2.5371671465083727,0.3001493215560913,0.0
1980-01-01,374,250,0.0001,0.95,1.0,0.024861392974853517,2.5371521338339584,0.29989925026893616,0.0
1980-01-01,375,250,0.0001,0.95,1.0,0.024862758636474608,8.511949966224337,0.30074942111968994,0.0
1980-01-01,376,250,0.0001,0.95,1.0,0.024867393493652343,2.537122452269556,0.3004993796348572,0.0
1980-01-01,377,250,0.0001,0.95,1.0,0.024864892959594726,2.537107461183568,0.3002493381500244,0.0
1980-01-01,378,250,0.0001,0.95,1.0,0.02486239242553711,2.537092538097605,0.29999929666519165,0.0
1980-01-01,379,250,0.0001,0.95,1.0,0.02485989761352539,0.6603746123899252,0.2999492883682251,0.0
1980-01-01,380,250,0.0001,0.95,1.0,0.024861055374145506,8.51192577239304,0.3007994294166565,0.0
1980-01-01,381,250,0.0001,0.95,1.0,0.02486789321899414,2.5370479891724282,0.30054938793182373,0.0
1980-01-01,382,250,0.0001,0.95,1.0,0.02486539077758789,2.537033028963652,0.30029934644699097,0.0
1980-01-01,383,250,0.0001,0.95,1.0,0.024862892150878908,2.537018072142595,0.3000493049621582,0.0
1980-01-01,384,250,0.0001,0.95,1.0,0.024860389709472658,2.5370031218411384,0.29979926347732544,0.0
1980-01-01,385,250,0.0001,0.95,1.0,0.02486615562438965,8.511901256530884,0.30064940452575684,0.0
1980-01-01,386,250,0.0001,0.95,1.0,0.024866392135620117,2.5369735650450806,0.3003993630409241,0.0
1980-01-01,387,250,0.0001,0.95,1.0,0.024863889694213867,2.536958633203661,0.3001493215560913,0.0
1980-01-01,388,250,0.0001,0.95,1.0,0.02486138916015625,2.5369444594452575,0.29989928007125854,0.0
1980-01-01,389,250,0.0001,0.95,1.0,0.024862754821777345,8.511881975683895,0.30074942111968994,0.0
1980-01-01,390,250,0.0001,0.95,1.0,0.02486738967895508,2.53691420075698,0.3004993796348572,0.0
1980-01-01,391,250,0.0001,0.95,1.0,0.024864887237548827,2.536900039197819,0.3002493381500244,0.0
1980-01-01,392,250,0.0001,0.95,1.0,0.024862388610839843,2.5368851413291944,0.29999929666519165,0.0
1980-01-01,393,250,0.0001,0.95,1.0,0.024859891891479493,0.6595754328048296,0.2999492883682251,0.0
1980-01-01,394,250,0.0001,0.95,1.0,0.024861053466796876,8.511857909869192,0.3007994592189789,0.0
1980-01-01,395,250,0.0001,0.95,1.0,0.024867889404296874,2.536840850232575,0.3005494177341461,0.0
1980-01-01,396,250,0.0001,0.95,1.0,0.024865386962890625,2.536825971083788,0.30029934644699097,0.0
1980-01-01,397,250,0.0001,0.95,1.0,0.02486288833618164,2.5368111020469426,0.3000493049621582,0.0
1980-01-01,398,250,0.0001,0.95,1.0,0.02486038589477539,2.5367962390149894,0.29979926347732544,0.0
1980-01-01,399,250,0.0001,0.95,1.0,0.024866151809692382,8.511833942663452,0.3006494343280792,0.0
1980-01-01,400,250,0.0001,0.95,1.0,0.024866386413574217,2.5367668502150704,0.3003993630409241,0.0
1980-01-01,401,250,0.0001,0.95,1.0,0.0248638858795166,2.5367520058312105,0.3001493215560913,0.0
1980-01-01,402,250,0.0001,0.95,1.0,0.02486138343811035,2.5367372132650714,0.29989928007125854,0.0
1980-01-01,403,250,0.0001,0.95,1.0,0.02486275100708008,8.511814887235037,0.30074945092201233,0.0
1980-01-01,404,250,0.0001,0.95,1.0,0.024867385864257813,2.5367091545634994,0.30049940943717957,0.0
1980-01-01,405,250,0.0001,0.95,1.0,0.024864885330200197,2.5366943341880086,0.3002493381500244,0.0
1980-01-01,406,250,0.0001,0.95,1.0,0.024862384796142577,2.536679520265705,0.29999929666519165,0.0
1980-01-01,407,250,0.0001,0.95,1.0,0.024859886169433593,0.658774815976719,0.2999492883682251,0.0
1980-01-01,408,250,0.0001,0.95,1.0,0.024861047744750977,8.511787285941883,0.3007994592189789,0.0
1980-01-01,409,250,0.0001,0.95,1.0,0.02486788368225098,2.5366363604800384,0.3005494177341461,0.0
1980-01-01,410,250,0.0001,0.95,1.0,0.024865383148193358,2.5366215641869636,0.30029937624931335,0.0
1980-01-01,411,250,0.0001,0.95,1.0,0.02486288261413574,2.5366067792696527,0.3000493049621582,0.0
1980-01-01,412,250,0.0001,0.95,1.0,0.024860382080078125,2.5365920011389194,0.29979926347732544,0.0
1980-01-01,413,250,0.0001,0.95,1.0,0.02486614990234375,8.511758148761109,0.3006494343280792,0.0
1980-01-01,414,250,0.0001,0.95,1.0,0.02486638069152832,2.5365670881290328,0.30039939284324646,0.0
1980-01-01,415,250,0.0001,0.95,1.0,0.024863882064819334,2.5365508059996764,0.3001493215560913,0.0
1980-01-01,416,250,0.0001,0.95,1.0,0.024861381530761718,2.536534364935703,0.29989928007125854,0.0
1980-01-01,417,250,0.0001,0.95,1.0,0.024862747192382812,8.511735370367619,0.30074945092201233,0.0
1980-01-01,418,250,0.0001,0.95,1.0,0.024867382049560547,2.5365100623702803,0.3004993796348572,0.0
1980-01-01,419,250,0.0001,0.95,1.0,0.024864879608154297,2.536495324018141,0.3002493381500244,0.0
1980-01-01,420,250,0.0001,0.95,1.0,0.02486237907409668,2.5364805922583202,0.29999929666519165,0.0
1980-01-01,421,250,0.0001,0.95,1.0,0.024859882354736327,0.6579580528604272,0.2999492883682251,0.0
1980-01-01,422,250,0.0001,0.95,1.0,0.024861045837402344,8.511701117335033,0.3007994592189789,0.0
1980-01-01,423,250,0.0001,0.95,1.0,0.024867879867553712,2.5364402536087534,0.30054938793182373,0.0
1980-01-01,424,250,0.0001,0.95,1.0,0.024865379333496095,2.5364255383044845,0.30029934644699097,0.0
1980-01-01,425,250,0.0001,0.95,1.0,0.024862878799438475,2.5364090892268294,0.3000493049621582,0.0
1980-01-01,426,250,0.0001,0.95,1.0,0.02486037826538086,2.5363943937304616,0.29979926347732544,0.0
1980-01-01,427,250,0.0001,0.95,1.0,0.024866146087646486,8.51164466759518,0.30064940452575684,0.0
1980-01-01,428,250,0.0001,0.95,1.0,0.024866376876831055,2.536370475018878,0.3003993630409241,0.0
1980-01-01,429,250,0.0001,0.95,1.0,0.024863876342773438,2.5363540140991017,0.3001493215560913,0.0
1980-01-01,430,250,0.0001,0.95,1.0,0.024861377716064455,2.5363377383840118,0.29989925026893616,0.0
1980-01-01,431,250,0.0001,0.95,1.0,0.024862747192382812,8.511618888127906,0.30074942111968994,0.0
1980-01-01,432,250,0.0001,0.95,1.0,0.024867376327514647,2.536315323815086,0.3004993498325348,0.0
1980-01-01,433,250,0.0001,0.95,1.0,0.02486487579345703,2.53629907972021,0.300249308347702,0.0
1980-01-01,434,250,0.0001,0.95,1.0,0.024862375259399414,2.536284426663203,0.29999926686286926,0.0
1980-01-01,435,250,0.0001,0.95,1.0,0.024859878540039064,0.6571957004343556,0.2999492585659027,0.0
1980-01-01,436,250,0.0001,0.95,1.0,0.02486104393005371,8.511588446726748,0.3007993996143341,0.0
1980-01-01,437,250,0.0001,0.95,1.0,0.024867874145507812,2.5362443021189915,0.30054935812950134,0.0
1980-01-01,438,250,0.0001,0.95,1.0,0.024865373611450196,2.536227972303759,0.3002993166446686,0.0
1980-01-01,439,250,0.0001,0.95,1.0,0.02486287307739258,2.536211359426482,0.3000492453575134,0.0
1980-01-01,440,250,0.0001,0.95,1.0,0.024860372543334962,2.5361967448215923,0.29979920387268066,0.0
1980-01-01,441,250,0.0001,0.95,1.0,0.024866144180297853,8.511567213794947,0.30064934492111206,0.0
1980-01-01,442,250,0.0001,0.95,1.0,0.02486637496948242,2.5361734901823727,0.3003993034362793,0.0
1980-01-01,443,250,0.0001,0.95,1.0,0.024863874435424805,2.536156906329057,0.30014926195144653,0.0
1980-01-01,444,250,0.0001,0.95,1.0,0.024861371994018555,2.536140502735695,0.29989922046661377,0.0
1980-01-01,445,250,0.0001,0.95,1.0,0.024862743377685546,8.511548109602442,0.30074936151504517,0.0
1980-01-01,446,250,0.0001,0.95,1.0,0.024867372512817384,2.536117375879333,0.3004993200302124,0.0
1980-01-01,447,250,0.0001,0.95,1.0,0.024864871978759764,2.5361008192501924,0.30024924874305725,0.0
1980-01-01,448,250,0.0001,0.95,1.0,0.024862369537353515,2.536086982033362,0.2999992072582245,0.0
1980-01-01,449,250,0.0001,0.95,1.0,0.024859874725341798,0.6564022954038388,0.29994919896125793,0.0
1980-01-01,450,250,0.0001,0.95,1.0,0.024861042022705077,8.511527389699445,0.30079934000968933,0.0
1980-01-01,451,250,0.0001,0.95,1.0,0.024867870330810546,2.5360429665441417,0.30054929852485657,0.0
1980-01-01,452,250,0.0001,0.95,1.0,0.024865371704101562,2.5360291537767328,0.3002992570400238,0.0
1980-01-01,453,250,0.0001,0.95,1.0,0.02486286735534668,2.536014607323007,0.30004918575286865,0.0
1980-01-01,454,250,0.0001,0.95,1.0,0.024860368728637696,2.535990954734525,0.2997991442680359,0.0
1980-01-01,455,250,0.0001,0.95,1.0,0.02486614227294922,8.511500748198074,0.3006493151187897,0.0
1980-01-01,456,250,0.0001,0.95,1.0,0.024866369247436522,2.535971364369886,0.3003992438316345,0.0
1980-01-01,457,250,0.0001,0.95,1.0,0.024863868713378905,2.5359568461382964,0.30014920234680176,0.0
1980-01-01,458,250,0.0001,0.95,1.0,0.024861366271972656,2.5359429781361333,0.299899160861969,0.0
1980-01-01,459,250,0.0001,0.95,1.0,0.024862743377685546,8.511482188711803,0.3007493019104004,0.0
1980-01-01,460,250,0.0001,0.95,1.0,0.024867368698120118,2.5359136737690444,0.3004992604255676,0.0
1980-01-01,461,250,0.0001,0.95,1.0,0.02486486625671387,2.535899823962527,0.3002491891384125,0.0
1980-01-01,462,250,0.0001,0.95,1.0,0.02486236572265625,2.535885333692105,0.2999991476535797,0.0
1980-01-01,463,250,0.0001,0.95,1.0,0.024859869003295898,0.6556188970983334,0.29994913935661316,0.0
1980-01-01,464,250,0.0001,0.95,1.0,0.024861042022705077,8.51145901991351,0.30079928040504456,0.0
1980-01-01,465,250,0.0001,0.95,1.0,0.024867866516113283,2.535815729294952,0.3005492389202118,0.0
1980-01-01,466,250,0.0001,0.95,1.0,0.02486536407470703,2.5358019159242087,0.30029919743537903,0.0
1980-01-01,467,250,0.0001,0.95,1.0,0.024862865447998046,2.535787465705253,0.30004915595054626,0.0
1980-01-01,468,250,0.0001,0.95,1.0,0.02486036491394043,2.535763285225217,0.2997991144657135,0.0
1980-01-01,469,250,0.0001,0.95,1.0,0.02486614227294922,8.511504291709727,0.3006492853164673,0.0
1980-01-01,470,250,0.0001,0.95,1.0,0.024866363525390626,2.535745792929888,0.30039921402931213,0.0
1980-01-01,471,250,0.0001,0.95,1.0,0.02486386299133301,2.5357313636703034,0.30014917254447937,0.0
1980-01-01,472,250,0.0001,0.95,1.0,0.02486136245727539,2.535705878042776,0.2998991310596466,0.0
1980-01-01,473,250,0.0001,0.95,1.0,0.024862739562988283,8.511485754452181,0.3007493019104004,0.0
1980-01-01,474,250,0.0001,0.95,1.0,0.02486736297607422,2.5356898172752387,0.3004992604255676,0.0
1980-01-01,475,250,0.0001,0.95,1.0,0.024864862442016602,2.5356754120987977,0.30024921894073486,0.0
1980-01-01,476,250,0.0001,0.95,1.0,0.024862361907958985,2.535659625331832,0.2999991476535797,0.0
1980-01-01,477,250,0.0001,0.95,1.0,0.02485986328125,0.6549173954712676,0.29994916915893555,0.0
1980-01-01,478,250,0.0001,0.95,1.0,0.02486103820800781,8.511459068429348,0.30079931020736694,0.0
1980-01-01,479,250,0.0001,0.95,1.0,0.024867862701416017,2.5356192338226204,0.3005492687225342,0.0
1980-01-01,480,250,0.0001,0.95,1.0,0.024865360260009767,2.535604859350646,0.3002992272377014,0.0
1980-01-01,481,250,0.0001,0.95,1.0,0.02486285972595215,2.5355904911561113,0.30004918575286865,0.0
1980-01-01,482,250,0.0001,0.95,1.0,0.02486035919189453,2.535565372718787,0.2997991442680359,0.0
1980-01-01,483,250,0.0001,0.95,1.0,0.024866138458251953,8.51143199845487,0.3006492853164673,0.0
1980-01-01,484,250,0.0001,0.95,1.0,0.024866361618041993,2.535547730566654,0.3003992438316345,0.0
1980-01-01,485,250,0.0001,0.95,1.0,0.02486385726928711,2.53553338710584,0.30014920234680176,0.0
1980-01-01,486,250,0.0001,0.95,1.0,0.024861358642578126,2.5355093193613945,0.299899160861969,0.0
1980-01-01,487,250,0.0001,0.95,1.0,0.02486273765563965,8.511409906162843,0.3007493019104004,0.0
1980-01-01,488,250,0.0001,0.95,1.0,0.024867359161376952,2.535490692267197,0.3004992604255676,0.0
1980-01-01,489,250,0.0001,0.95,1.0,0.024864858627319335,2.535476370752373,0.30024921894073486,0.0
1980-01-01,490,250,0.0001,0.95,1.0,0.02486235809326172,2.535462714805798,0.2999991774559021,0.0
1980-01-01,491,250,0.0001,0.95,1.0,0.024859859466552735,0.6541331415143369,0.29994916915893555,0.0
1980-01-01,492,250,0.0001,0.95,1.0,0.024861034393310548,8.511386925537387,0.30079931020736694,0.0
1980-01-01,493,250,0.0001,0.95,1.0,0.02486785888671875,2.5354194945139272,0.3005492687225342,0.0
1980-01-01,494,250,0.0001,0.95,1.0,0.0248653564453125,2.5354052011797203,0.3002992272377014,0.0
1980-01-01,495,250,0.0001,0.95,1.0,0.024862855911254884,2.5353915725372094,0.30004918575286865,0.0
1980-01-01,496,250,0.0001,0.95,1.0,0.024860355377197267,2.5353674462289706,0.2997991442680359,0.0
1980-01-01,497,250,0.0001,0.95,1.0,0.024866134643554687,8.511364031426968,0.3006492853164673,0.0
1980-01-01,498,250,0.0001,0.95,1.0,0.024866357803344726,2.5353494609357003,0.3003992438316345,0.0
1980-01-01,499,250,0.0001,0.95,1.0,0.024863855361938476,2.535335856055257,0.30014920234680176,0.0
1980-01-01,500,250,0.0001,0.95,1.0,0.02486135482788086,2.535311752348837,0.299899160861969,0.0
1985-01-01,1,310,0.0001,0.95,1.0,0.025376664438555317,1.5056046747550125,0.30105623602867126,-0.0999999999999996
1985-01-01,2,310,0.0001,0.95,1.0,0.025375938415527342,1.5056024574610494,0.300906240940094,-0.0999999999999996
1985-01-01,3,310,0.0001,0.95,1.0,0.02537521239249937,1.505600240468283,0.3007562458515167,-0.0999999999999996
1985-01-01,4,310,0.0001,0.95,1.0,0.025374484831287014,1.5055980249316874,0.30060622096061707,-0.0999999999999996
1985-01-01,5,310,0.0001,0.95,1.0,0.02537376034644342,1.5055958100394273,0.3004562258720398,-0.0999999999999996
1985-01-01,6,310,0.0001,0.95,1.0,0.02537303432341545,1.5055935958011437,0.3003062307834625,-0.0999999999999996
1985-01-01,7,310,0.0001,0.95,1.0,0.02537231137675624,1.5055913828257526,0.30015620589256287,-0.0999999999999996
1985-01-01,8,310,0.0001,0.95,1.0,0.025371585353728264,1.505589171190586,0.3000062108039856,-0.0999999999999996
1985-01-01,9,310,0.0001,0.95,1.0,0.02537085625433153,1.5055869600885887,0.2998562157154083,-0.0999999999999996
1985-01-01,10,310,0.0001,0.95,1.0,0.025378791747554655,17.500994492022915,0.30160629749298096,-0.0999999999999996
1985-01-01,11,310,0.0001,0.95,1.0,0.025378599474506994,1.5055827542061997,0.3014563024044037,-0.0999999999999996
1985-01-01,12,310,0.0001,0.95,1.0,0.02537787345147902,1.5055805455449367,0.3013063073158264,-0.0999999999999996
1985-01-01,13,310,0.0001,0.95,1.0,0.025377148966635427,1.5055783374700427,0.30115628242492676,-0.0999999999999996
1985-01-01,14,310,0.0001,0.95,1.0,0.025376421405423073,1.5055761302182817,0.3010062873363495,-0.0999999999999996
1985-01-01,15,310,0.0001,0.95,1.0,0.025375698458763862,1.5055739242391197,0.3008562922477722,-0.0999999999999996
1985-01-01,16,310,0.0001,0.95,1.0,0.025374970897551506,1.505571719353761,0.30070626735687256,-0.0999999999999996
1985-01-01,17,310,0.0001,0.95,1.0,0.025374246412707913,1.5055695153543749,0.3005562722682953,-0.0999999999999996
1985-01-01,18,310,0.0001,0.95,1.0,0.02537352038967994,1.50556731124063,0.300406277179718,-0.0999999999999996
1985-01-01,19,310,0.0001,0.95,1.0,0.025372794366651966,1.5055651090615807,0.30025625228881836,-0.0999999999999996
1985-01-01,20,310,0.0001,0.95,1.0,0.02537206834362399,1.5055629075027235,0.3001062572002411,-0.0999999999999996
1985-01-01,21,310,0.0001,0.95,1.0,0.025371340782411638,1.5055607066027406,0.2999562621116638,-0.0999999999999996
1985-01-01,22,310,0.0001,0.95,1.0,0.0253731450726909,17.50099085629887,0.30170634388923645,-0.0999999999999996
1985-01-01,23,310,0.0001,0.95,1.0,0.025379085540771486,1.505556521128173,0.3015563488006592,-0.0999999999999996
1985-01-01,24,310,0.0001,0.95,1.0,0.02537835797955913,1.505554323302142,0.3014063537120819,-0.0999999999999996
1985-01-01,25,310,0.0001,0.95,1.0,0.025377631956531154,1.5055521256130677,0.30125632882118225,-0.0999999999999996
1985-01-01,26,310,0.0001,0.95,1.0,0.025376907471687565,1.5055499290178,0.301106333732605,-0.0999999999999996
1985-01-01,27,310,0.0001,0.95,1.0,0.02537618144865959,1.5055477330427767,0.3009563386440277,-0.0999999999999996
1985-01-01,28,310,0.0001,0.95,1.0,0.025375455425631615,1.5055455384467182,0.30080631375312805,-0.0999999999999996
1985-01-01,29,310,0.0001,0.95,1.0,0.02537472940260364,1.505543344514396,0.3006563186645508,-0.0999999999999996
1985-01-01,30,310,0.0001,0.95,1.0,0.02537400491776005,1.5055411518547273,0.3005063235759735,-0.0999999999999996
1985-01-01,31,310,0.0001,0.95,1.0,0.025373280432916458,1.5055389597911364,0.30035629868507385,-0.0999999999999996
1985-01-01,32,310,0.0001,0.95,1.0,0.025372554409888483,1.505536767734038,0.3002063035964966,-0.0999999999999996
1985-01-01,33,310,0.0001,0.95,1.0,0.02537182684867613,1.5055345776068663,0.3000563085079193,-0.0999999999999996
1985-01-01,34,310,0.0001,0.95,1.0,0.025371100825648155,1.5055323881192715,0.29990628361701965,-0.0999999999999996
1985-01-01,35,310,0.0001,0.95,1.0,0.025375966102846207,17.500986883134676,0.3016563951969147,-0.0999999999999996
1985-01-01,36,310,0.0001,0.95,1.0,0.02537884250763924,1.5055282251836535,0.301506370306015,-0.0999999999999996
1985-01-01,37,310,0.0001,0.95,1.0,0.025378118022795645,1.5055260374991306,0.30135637521743774,-0.0999999999999996
1985-01-01,38,310,0.0001,0.95,1.0,0.025377393537952053,1.5055238511211384,0.3012063801288605,-0.0999999999999996
1985-01-01,39,310,0.0001,0.95,1.0,0.02537666751492408,1.5055216660013455,0.3010563552379608,-0.0999999999999996
1985-01-01,40,310,0.0001,0.95,1.0,0.025375939953711724,1.5055194814486617,0.30090636014938354,-0.0999999999999996
1985-01-01,41,310,0.0001,0.95,1.0,0.02537521546886813,1.5055172982460177,0.3007563650608063,-0.0999999999999996
1985-01-01,42,310,0.0001,0.95,1.0,0.02537448944584016,1.5055151157071518,0.3006063401699066,-0.0999999999999996
1985-01-01,43,310,0.0001,0.95,1.0,0.025373763422812185,1.5055129338127131,0.30045634508132935,-0.0999999999999996
1985-01-01,44,310,0.0001,0.95,1.0,0.02537303739978421,1.505510753108858,0.3003063499927521,-0.0999999999999996
1985-01-01,45,310,0.0001,0.95,1.0,0.02537231137675624,1.5055085720103814,0.3001563251018524,-0.0999999999999996
1985-01-01,46,310,0.0001,0.95,1.0,0.025371585353728264,1.505506393291355,0.30000633001327515,-0.0999999999999996
1985-01-01,47,310,0.0001,0.95,1.0,0.02537085933070029,1.5055042152506293,0.2998563349246979,-0.0999999999999996
1985-01-01,48,310,0.0001,0.95,1.0,0.025378791747554655,17.500982925683395,0.3016064167022705,-0.0999999999999996
1985-01-01,49,310,0.0001,0.95,1.0,0.025378604089060137,1.5055000734439947,0.30145642161369324,-0.0999999999999996
1985-01-01,50,310,0.0001,0.95,1.0,0.025377876527847783,1.5054978977429212,0.30130642652511597,-0.0999999999999996
1985-01-01,51,310,0.0001,0.95,1.0,0.02537715204300419,1.505495723469257,0.3011564016342163,-0.0999999999999996
1985-01-01,52,310,0.0001,0.95,1.0,0.025376424481791834,1.5054935484433474,0.30100640654563904,-0.0999999999999996
1985-01-01,53,310,0.0001,0.95,1.0,0.025375698458763862,1.5054913841906956,0.30085641145706177,-0.0999999999999996
1985-01-01,54,310,0.0001,0.95,1.0,0.02537497397392027,1.50548921238687,0.3007063865661621,-0.0999999999999996
1985-01-01,55,310,0.0001,0.95,1.0,0.025374247950892295,1.505487039970962,0.30055639147758484,-0.0999999999999996
1985-01-01,56,310,0.0001,0.95,1.0,0.0253735234660487,1.5054848695527707,0.30040639638900757,-0.0999999999999996
1985-01-01,57,310,0.0001,0.95,1.0,0.025372797443020727,1.5054826996727506,0.3002563714981079,-0.0999999999999996
1985-01-01,58,310,0.0001,0.95,1.0,0.025372071419992755,1.5054805304227328,0.30010637640953064,-0.0999999999999996
1985-01-01,59,310,0.0001,0.95,1.0,0.02537134539696478,1.5054783630834438,0.29995638132095337,-0.0999999999999996
1985-01-01,60,310,0.0001,0.95,1.0,0.02537314353450652,17.50097933408206,0.301706463098526,-0.0999999999999996
1985-01-01,61,310,0.0001,0.95,1.0,0.025379088617140246,1.5054742419198701,0.30155646800994873,-0.0999999999999996
1985-01-01,62,310,0.0001,0.95,1.0,0.025378362594112275,1.5054720758909403,0.30140647292137146,-0.0999999999999996
1985-01-01,63,310,0.0001,0.95,1.0,0.025377635032899918,1.505469910960819,0.3012564480304718,-0.0999999999999996
1985-01-01,64,310,0.0001,0.95,1.0,0.025376910548056325,1.5054677474533575,0.30110645294189453,-0.0999999999999996
1985-01-01,65,310,0.0001,0.95,1.0,0.02537618452502835,1.505465583904105,0.30095645785331726,-0.0999999999999996
1985-01-01,66,310,0.0001,0.95,1.0,0.025375456963815997,1.5054634222897971,0.3008064329624176,-0.0999999999999996
1985-01-01,67,310,0.0001,0.95,1.0,0.025374732478972404,1.5054612606047266,0.30065643787384033,-0.0999999999999996
1985-01-01,68,310,0.0001,0.95,1.0,0.02537400799412881,1.5054591002843132,0.30050644278526306,-0.0999999999999996
1985-01-01,69,310,0.0001,0.95,1.0,0.025373280432916458,1.5054569382060277,0.3003564178943634,-0.0999999999999996
1985-01-01,70,310,0.0001,0.95,1.0,0.025372554409888483,1.5054547790393384,0.30020642280578613,-0.0999999999999996
1985-01-01,71,310,0.0001,0.95,1.0,0.025371828386860508,1.5054526211889747,0.30005642771720886,-0.0999999999999996
1985-01-01,72,310,0.0001,0.95,1.0,0.025371102363832537,1.5054504641184787,0.2999064028263092,-0.0999999999999996
1985-01-01,73,310,0.0001,0.95,1.0,0.025375964564661825,17.50097540680812,0.3016565144062042,-0.0999999999999996
1985-01-01,74,310,0.0001,0.95,1.0,0.025378845584008002,1.5054463647918286,0.30150648951530457,-0.0999999999999996
1985-01-01,75,310,0.0001,0.95,1.0,0.02537812263734879,1.5054442100467564,0.3013564944267273,-0.0999999999999996
1985-01-01,76,310,0.0001,0.95,1.0,0.025377395076136434,1.5054420566373874,0.30120649933815,-0.0999999999999996
1985-01-01,77,310,0.0001,0.95,1.0,0.02537666751492408,1.5054399037469095,0.30105647444725037,-0.0999999999999996
1985-01-01,78,310,0.0001,0.95,1.0,0.025375943030080488,1.5054377517958106,0.3009064793586731,-0.0999999999999996
1985-01-01,79,310,0.0001,0.95,1.0,0.025375218545236895,1.5054356008469385,0.3007564842700958,-0.0999999999999996
1985-01-01,80,310,0.0001,0.95,1.0,0.02537449252220892,1.5054334505571298,0.30060645937919617,-0.0999999999999996
1985-01-01,81,310,0.0001,0.95,1.0,0.02537376649918095,1.5054313010955553,0.3004564642906189,-0.0999999999999996
1985-01-01,82,310,0.0001,0.95,1.0,0.025373040476152974,1.5054291521045766,0.3003064692020416,-0.0999999999999996
1985-01-01,83,310,0.0001,0.95,1.0,0.025372314453125,1.5054270045459541,0.30015644431114197,-0.0999999999999996
1985-01-01,84,310,0.0001,0.95,1.0,0.025371589968281406,1.5054248576802616,0.3000064492225647,-0.0999999999999996
1985-01-01,85,310,0.0001,0.95,1.0,0.025370863945253435,1.5054227116959817,0.2998564541339874,-0.0999999999999996
1985-01-01,86,310,0.0001,0.95,1.0,0.02537878405663275,17.50097149552617,0.30160653591156006,-0.0999999999999996
1985-01-01,87,310,0.0001,0.95,1.0,0.025378604089060137,1.5054186338835873,0.3014565408229828,-0.0999999999999996
1985-01-01,88,310,0.0001,0.95,1.0,0.025377878066032162,1.505416490249031,0.3013065457344055,-0.0999999999999996
1985-01-01,89,310,0.0001,0.95,1.0,0.025377153581188572,1.5054143483562086,0.30115652084350586,-0.0999999999999996
1985-01-01,90,310,0.0001,0.95,1.0,0.025376427558160598,1.5054122062670199,0.3010065257549286,-0.0999999999999996
1985-01-01,91,310,0.0001,0.95,1.0,0.025375701535132623,1.5054100649142546,0.3008565306663513,-0.0999999999999996
1985-01-01,92,310,0.0001,0.95,1.0,0.02537497551210465,1.505407924877915,0.30070650577545166,-0.0999999999999996
1985-01-01,93,310,0.0001,0.95,1.0,0.025374249489076676,1.5054057854475227,0.3005565106868744,-0.0999999999999996
1985-01-01,94,310,0.0001,0.95,1.0,0.0253735234660487,1.5054036472852486,0.3004065155982971,-0.0999999999999996
1985-01-01,95,310,0.0001,0.95,1.0,0.02537279898120511,1.5054015096564148,0.30025649070739746,-0.0999999999999996
1985-01-01,96,310,0.0001,0.95,1.0,0.025372074496361516,1.5053993728897075,0.3001064956188202,-0.0999999999999996
1985-01-01,97,310,0.0001,0.95,1.0,0.025371346935149162,1.505397237376601,0.2999565005302429,-0.0999999999999996
1985-01-01,98,310,0.0001,0.95,1.0,0.025373137381768995,17.500967944986883,0.30170658230781555,-0.0999999999999996
1985-01-01,99,310,0.0001,0.95,1.0,0.025379088617140246,1.5053931798432798,0.3015565872192383,-0.0999999999999996
1985-01-01,100,310,0.0001,0.95,1.0,0.025378364132296653,1.5053910458922153,0.301406592130661,-0.0999999999999996
1990-01-01,1,370,0.0001,0.95,1.0,0.024491212174699115,3.500258082421566,0.3001507520675659,-0.1000000000000005
1990-01-01,2,370,0.0001,0.95,1.0,0.02448790266707137,3.500257967621366,0.2998007535934448,-0.1000000000000005
1990-01-01,3,370,0.0001,0.95,1.0,0.02449481551711624,15.500154234858822,0.30135074257850647,-0.1000000000000005
1990-01-01,4,370,0.0001,0.95,1.0,0.024499253968934754,3.5002578458419955,0.3010007441043854,-0.1000000000000005
1990-01-01,5,370,0.0001,0.95,1.0,0.02449594446130701,3.500257731111424,0.3006507456302643,-0.1000000000000005
1990-01-01,6,370,0.0001,0.95,1.0,0.024492632376181114,3.500257616476469,0.3003007471561432,-0.1000000000000005
1990-01-01,7,370,0.0001,0.95,1.0,0.024489320291055217,3.500257501852943,0.2999507486820221,-0.1000000000000005
1990-01-01,8,370,0.0001,0.95,1.0,0.024488531576620565,15.500154023045607,0.30150073766708374,-0.1000000000000005
1990-01-01,9,370,0.0001,0.95,1.0,0.024500674170416754,3.5002573804087462,0.30115073919296265,-0.1000000000000005
1990-01-01,10,370,0.0001,0.95,1.0,0.024497362085290856,3.500257265887589,0.30080074071884155,-0.1000000000000005
1990-01-01,11,370,0.0001,0.95,1.0,0.024494052577663114,3.500257151385656,0.30045074224472046,-0.1000000000000005
1990-01-01,12,370,0.0001,0.95,1.0,0.024490740492537216,3.500257036935167,0.30010074377059937,-0.1000000000000005
1990-01-01,13,370,0.0001,0.95,1.0,0.02448742840741132,3.500256922630183,0.2997507154941559,-0.1000000000000005
1990-01-01,14,370,0.0001,0.95,1.0,0.024496908445616025,15.500153728446309,0.3013007342815399,-0.1000000000000005
1990-01-01,15,370,0.0001,0.95,1.0,0.024498779709274703,3.5002568015377857,0.3009507358074188,-0.1000000000000005
1990-01-01,16,370,0.0001,0.95,1.0,0.024495470201646958,3.5002566872405896,0.30060073733329773,-0.1000000000000005
1990-01-01,17,370,0.0001,0.95,1.0,0.024492158116521064,3.500256573000554,0.30025073885917664,-0.1000000000000005
1990-01-01,18,370,0.0001,0.95,1.0,0.02448884860889332,3.500256458841584,0.29990071058273315,-0.1000000000000005
1990-01-01,19,370,0.0001,0.95,1.0,0.02449062966011666,15.500153517455272,0.3014507293701172,-0.1000000000000005
1990-01-01,20,370,0.0001,0.95,1.0,0.024500199910756703,3.5002563380469445,0.3011007308959961,-0.1000000000000005
1990-01-01,21,370,0.0001,0.95,1.0,0.024496890403128958,3.5002562239155095,0.300750732421875,-0.1000000000000005
1990-01-01,22,370,0.0001,0.95,1.0,0.024493578318003063,3.5002561099082734,0.3004007339477539,-0.1000000000000005
1990-01-01,23,370,0.0001,0.95,1.0,0.024490268810375318,3.50025599595404,0.3000507056713104,-0.1000000000000005
1990-01-01,24,370,0.0001,0.95,1.0,0.02448695672524942,3.500255881995646,0.29970070719718933,-0.1000000000000005
1990-01-01,25,370,0.0001,0.95,1.0,0.02449900652911212,15.500153223840924,0.30125072598457336,-0.1000000000000005
1990-01-01,26,370,0.0001,0.95,1.0,0.024498310604610957,3.500255761556964,0.30090072751045227,-0.1000000000000005
1990-01-01,27,370,0.0001,0.95,1.0,0.02449499851948506,3.500255647679112,0.3005506992340088,-0.1000000000000005
1990-01-01,28,370,0.0001,0.95,1.0,0.024491686434359165,3.5002555338844044,0.3002007007598877,-0.1000000000000005
1990-01-01,29,370,0.0001,0.95,1.0,0.024488374349233268,3.5002554201744,0.2998507022857666,-0.1000000000000005
1990-01-01,30,370,0.0001,0.95,1.0,0.02449272258861645,15.500153013670074,0.30140072107315063,-0.1000000000000005
1990-01-01,31,370,0.0001,0.95,1.0,0.024499725651096652,3.5002552999882637,0.30105072259902954,-0.1000000000000005
1990-01-01,32,370,0.0001,0.95,1.0,0.024496416143468907,3.500255186372313,0.30070069432258606,-0.1000000000000005
1990-01-01,33,370,0.0001,0.95,1.0,0.024493104058343013,3.5002550727407686,0.30035069584846497,-0.1000000000000005
1990-01-01,34,370,0.0001,0.95,1.0,0.024489794550715267,3.5002549592334233,0.30000069737434387,-0.1000000000000005
1990-01-01,35,370,0.0001,0.95,1.0,0.024486485043087522,3.50025484570113,0.2996506989002228,-0.1000000000000005
1990-01-01,36,370,0.0001,0.95,1.0,0.02450110203511006,15.500152721151572,0.3012007176876068,-0.1000000000000005
1990-01-01,37,370,0.0001,0.95,1.0,0.024497836344950907,3.500254725881345,0.30085068941116333,-0.1000000000000005
1990-01-01,38,370,0.0001,0.95,1.0,0.02449452425982501,3.5002546125153393,0.30050069093704224,-0.1000000000000005
1990-01-01,39,370,0.0001,0.95,1.0,0.024491212174699115,3.5002544991747944,0.30015069246292114,-0.1000000000000005
1990-01-01,40,370,0.0001,0.95,1.0,0.024487900089573217,3.500254385827491,0.29980069398880005,-0.1000000000000005
1990-01-01,41,370,0.0001,0.95,1.0,0.02449481551711624,15.500152511773095,0.3013507127761841,-0.1000000000000005
1990-01-01,42,370,0.0001,0.95,1.0,0.024499253968934754,3.5002542663330063,0.3010006844997406,-0.1000000000000005
1990-01-01,43,370,0.0001,0.95,1.0,0.02449594446130701,3.5002541531317237,0.3006506860256195,-0.1000000000000005
1990-01-01,44,370,0.0001,0.95,1.0,0.024492634953679267,3.500254039988641,0.3003006875514984,-0.1000000000000005
1990-01-01,45,370,0.0001,0.95,1.0,0.024489320291055217,3.500253926842956,0.2999506890773773,-0.1000000000000005
1990-01-01,46,370,0.0001,0.95,1.0,0.02448853673161687,15.500152302706429,0.30150070786476135,-0.1000000000000005
1990-01-01,47,370,0.0001,0.95,1.0,0.0245006715929186,3.5002538076820873,0.30115067958831787,-0.1000000000000005
1990-01-01,48,370,0.0001,0.95,1.0,0.024497362085290856,3.500253694642409,0.3008006811141968,-0.1000000000000005
1990-01-01,49,370,0.0001,0.95,1.0,0.024494052577663114,3.500253581674962,0.3004506826400757,-0.1000000000000005
1990-01-01,50,370,0.0001,0.95,1.0,0.024490737915039064,3.5002534687334954,0.3001006841659546,-0.1000000000000005
1990-01-01,51,370,0.0001,0.95,1.0,0.02448742840741132,3.5002533558725744,0.2997506856918335,-0.1000000000000005
1990-01-01,52,370,0.0001,0.95,1.0,0.024496913600612333,15.500152011666465,0.30130067467689514,-0.1000000000000005
1990-01-01,53,370,0.0001,0.95,1.0,0.024498782286772856,3.5002532370344044,0.30095067620277405,-0.1000000000000005
1990-01-01,54,370,0.0001,0.95,1.0,0.024495470201646958,3.500253124217649,0.30060067772865295,-0.1000000000000005
1990-01-01,55,370,0.0001,0.95,1.0,0.024492158116521064,3.5002530114523376,0.30025067925453186,-0.1000000000000005
1990-01-01,56,370,0.0001,0.95,1.0,0.02448884860889332,3.5002528988159693,0.29990068078041077,-0.1000000000000005
1990-01-01,57,370,0.0001,0.95,1.0,0.02449062966011666,15.500151803434804,0.3014506697654724,-0.1000000000000005
1990-01-01,58,370,0.0001,0.95,1.0,0.02450019733325855,3.500252780273479,0.3011006712913513,-0.1000000000000005
1990-01-01,59,370,0.0001,0.95,1.0,0.024496887825630805,3.500252667663539,0.3007506728172302,-0.1000000000000005
1990-01-01,60,370,0.0001,0.95,1.0,0.024493578318003063,3.50025255510972,0.30040067434310913,-0.1000000000000005
1990-01-01,61,370,0.0001,0.95,1.0,0.024490266232877166,3.5002524426509987,0.30005067586898804,-0.1000000000000005
1990-01-01,62,370,0.0001,0.95,1.0,0.02448695672524942,3.5002523301605737,0.29970064759254456,-0.1000000000000005
1990-01-01,63,370,0.0001,0.95,1.0,0.02449900652911212,15.500151513408074,0.3012506663799286,-0.1000000000000005
1990-01-01,64,370,0.0001,0.95,1.0,0.024498310604610957,3.5002522119756003,0.3009006679058075,-0.1000000000000005
1990-01-01,65,370,0.0001,0.95,1.0,0.02449499851948506,3.5002520996031343,0.3005506694316864,-0.1000000000000005
1990-01-01,66,370,0.0001,0.95,1.0,0.024491683856861013,3.500251987355906,0.3002006411552429,-0.1000000000000005
1990-01-01,67,370,0.0001,0.95,1.0,0.024488374349233268,3.5002518750837304,0.2998506426811218,-0.1000000000000005
1990-01-01,68,370,0.0001,0.95,1.0,0.0244927251661146,15.500151305968517,0.30140066146850586,-0.1000000000000005
1990-01-01,69,370,0.0001,0.95,1.0,0.024499728228594805,3.5002517571471468,0.30105066299438477,-0.1000000000000005
1990-01-01,70,370,0.0001,0.95,1.0,0.02449641872096706,3.5002516450137167,0.30070066452026367,-0.1000000000000005
1990-01-01,71,370,0.0001,0.95,1.0,0.024493104058343013,3.50025153285326,0.3003506362438202,-0.1000000000000005
1990-01-01,72,370,0.0001,0.95,1.0,0.024489794550715267,3.5002514208092075,0.3000006377696991,-0.1000000000000005
1990-01-01,73,370,0.0001,0.95,1.0,0.02448648246558937,3.5002513087791827,0.299650639295578,-0.1000000000000005
1990-01-01,74,370,0.0001,0.95,1.0,0.024501104612608213,15.500151016940114,0.30120065808296204,-0.1000000000000005
1990-01-01,75,370,0.0001,0.95,1.0,0.024497836344950907,3.5002511912375334,0.30085065960884094,-0.1000000000000005
1990-01-01,76,370,0.0001,0.95,1.0,0.02449452425982501,3.5002510792901296,0.30050063133239746,-0.1000000000000005
1990-01-01,77,370,0.0001,0.95,1.0,0.024491212174699115,3.5002509674508144,0.30015063285827637,-0.1000000000000005
1990-01-01,78,370,0.0001,0.95,1.0,0.02448790266707137,3.5002508555985044,0.2998006343841553,-0.1000000000000005
1990-01-01,79,370,0.0001,0.95,1.0,0.024494820672112543,15.500150810273919,0.3013506531715393,-0.1000000000000005
1990-01-01,80,370,0.0001,0.95,1.0,0.024499253968934754,3.50025073836137,0.3010006546974182,-0.1000000000000005
1990-01-01,81,370,0.0001,0.95,1.0,0.02449594446130701,3.5002506266098696,0.30065062642097473,-0.1000000000000005
1990-01-01,82,370,0.0001,0.95,1.0,0.024492629798682962,3.5002505148937035,0.30030062794685364,-0.1000000000000005
1990-01-01,83,370,0.0001,0.95,1.0,0.024489320291055217,3.500250403256525,0.29995062947273254,-0.1000000000000005
1990-01-01,84,370,0.0001,0.95,1.0,0.02448853673161687,15.500150603985483,0.3015006482601166,-0.1000000000000005
1990-01-01,85,370,0.0001,0.95,1.0,0.0245006715929186,3.5002502863259837,0.3011506497859955,-0.1000000000000005
1990-01-01,86,370,0.0001,0.95,1.0,0.024497362085290856,3.5002501747631114,0.300800621509552,-0.1000000000000005
1990-01-01,87,370,0.0001,0.95,1.0,0.024494052577663114,3.5002500632236213,0.3004506230354309,-0.1000000000000005
1990-01-01,88,370,0.0001,0.95,1.0,0.024490737915039064,3.5002499518124868,0.3001006245613098,-0.1000000000000005
1990-01-01,89,370,0.0001,0.95,1.0,0.02448742840741132,3.500249840397712,0.2997506260871887,-0.1000000000000005
1990-01-01,90,370,0.0001,0.95,1.0,0.024496913600612333,15.50015031640112,0.30130061507225037,-0.1000000000000005
1990-01-01,91,370,0.0001,0.95,1.0,0.024498779709274703,3.50024972379091,0.3009506165981293,-0.1000000000000005
1990-01-01,92,370,0.0001,0.95,1.0,0.024495470201646958,3.5002496124135445,0.3006006181240082,-0.1000000000000005
1990-01-01,93,370,0.0001,0.95,1.0,0.024492158116521064,3.500249501167653,0.3002506196498871,-0.1000000000000005
1990-01-01,94,370,0.0001,0.95,1.0,0.02448884860889332,3.500249389939947,0.299900621175766,-0.1000000000000005
1990-01-01,95,370,0.0001,0.95,1.0,0.02449063223761481,15.500150110889566,0.30145061016082764,-0.1000000000000005
1990-01-01,96,370,0.0001,0.95,1.0,0.02450019733325855,3.500249273690147,0.30110061168670654,-0.1000000000000005
1990-01-01,97,370,0.0001,0.95,1.0,0.024496887825630805,3.5002491625289527,0.30075061321258545,-0.1000000000000005
1990-01-01,98,370,0.0001,0.95,1.0,0.024493578318003063,3.5002490514441473,0.30040061473846436,-0.1000000000000005
1990-01-01,99,370,0.0001,0.95,1.0,0.024490266232877166,3.500248940427935,0.30005061626434326,-0.1000000000000005
1990-01-01,100,370,0.0001,0.95,1.0,0.024486954147751268,3.500248829434066,0.29970061779022217,-0.1000000000000005
1995-01-01,1,430,0.0001,0.95,1.0,0.02315953055093455,15.500038143578156,0.3009952902793884,-0.1999999999999993
1995-01-01,2,430,0.0001,0.95,1.0,0.023154580315878224,6.5000317278926305,0.3003452718257904,-0.1999999999999993
1995-01-01,3,430,0.0001,0.95,1.0,0.023144755252571994,6.5000317025107766,0.29969528317451477,-0.1999999999999993
1995-01-01,4,430,0.0001,0.95,1.0,0.023150519437568132,15.500038136650183,0.3012453019618988,-0.1999999999999993
1995-01-01,5,430,0.0001,0.95,1.0,0.023158357309740644,6.500031715334904,0.3005952835083008,-0.1999999999999993
1995-01-01,6,430,0.0001,0.95,1.0,0.02314853224643441,6.500031689955114,0.29994529485702515,-0.1999999999999993
1995-01-01,7,430,0.0001,0.95,1.0,0.02314150610635447,15.500038129725276,0.3014953136444092,-0.1999999999999993
1995-01-01,8,430,0.0001,0.95,1.0,0.023162140957144802,6.5000317027839625,0.30084529519081116,-0.1999999999999993
1995-01-01,9,430,0.0001,0.95,1.0,0.023152313675991326,6.500031677411414,0.3001953065395355,-0.1999999999999993
1995-01-01,10,430,0.0001,0.95,1.0,0.023142486394837847,6.5000316520873485,0.2995453178882599,-0.1999999999999993
1995-01-01,11,430,0.0001,0.95,1.0,0.02315592654915743,15.500038094456805,0.30109530687332153,-0.1999999999999993
1995-01-01,12,430,0.0001,0.95,1.0,0.023156090669853743,6.500031664899687,0.3004453182220459,-0.1999999999999993
1995-01-01,13,430,0.0001,0.95,1.0,0.02314626560654751,6.500031639564077,0.29979532957077026,-0.1999999999999993
1995-01-01,14,430,0.0001,0.95,1.0,0.02314691100009652,15.50003808757658,0.3013453185558319,-0.1999999999999993
1995-01-01,15,430,0.0001,0.95,1.0,0.02315986988156341,6.500031652392051,0.3006953299045563,-0.1999999999999993
1995-01-01,16,430,0.0001,0.95,1.0,0.023150044818257175,6.500031627058296,0.30004534125328064,-0.1999999999999993
1995-01-01,17,430,0.0001,0.95,1.0,0.023140219754950946,6.500031601772988,0.299395352602005,-0.1999999999999993
1995-01-01,18,430,0.0001,0.95,1.0,0.02316133144289948,15.50003805238106,0.30094534158706665,-0.1999999999999993
1995-01-01,19,430,0.0001,0.95,1.0,0.02315382402996684,6.500031614591763,0.300295352935791,-0.1999999999999993
1995-01-01,20,430,0.0001,0.95,1.0,0.02314399896666061,6.500031589306979,0.2996453642845154,-0.1999999999999993
1995-01-01,21,430,0.0001,0.95,1.0,0.023152320329533068,15.500038045508507,0.301195353269577,-0.1999999999999993
1995-01-01,22,430,0.0001,0.95,1.0,0.023157603241676507,6.500031602130477,0.3005453646183014,-0.1999999999999993
1995-01-01,23,430,0.0001,0.95,1.0,0.023147780396217524,6.500031576841951,0.29989537596702576,-0.1999999999999993
1995-01-01,24,430,0.0001,0.95,1.0,0.023143306998319405,15.500038038673743,0.3014453649520874,-0.1999999999999993
1995-01-01,25,430,0.0001,0.95,1.0,0.023161382453386174,6.500031589691439,0.30079537630081177,-0.1999999999999993
1995-01-01,26,430,0.0001,0.95,1.0,0.02315155739007994,6.500031564405046,0.30014538764953613,-0.1999999999999993
1995-01-01,27,430,0.0001,0.95,1.0,0.02314173232677371,6.5000315391738175,0.2994953989982605,-0.1999999999999993
1995-01-01,28,430,0.0001,0.95,1.0,0.02315772300542787,15.500038003601796,0.30104538798332214,-0.1999999999999993
1995-01-01,29,430,0.0001,0.95,1.0,0.023155336601789606,6.500031552003541,0.3003953993320465,-0.1999999999999993
1995-01-01,30,430,0.0001,0.95,1.0,0.023145511538483377,6.500031526754368,0.2997454106807709,-0.1999999999999993
1995-01-01,31,430,0.0001,0.95,1.0,0.023148711892061455,15.500037996783638,0.3012953996658325,-0.1999999999999993
1995-01-01,32,430,0.0001,0.95,1.0,0.023159115813499272,6.500031539592977,0.3006454110145569,-0.1999999999999993
1995-01-01,33,430,0.0001,0.95,1.0,0.023149290750193043,6.500031514364687,0.29999542236328125,-0.1999999999999993
1995-01-01,34,430,0.0001,0.95,1.0,0.02313970077869504,15.500037989981205,0.3015454113483429,-0.1999999999999993
1995-01-01,35,430,0.0001,0.95,1.0,0.023162897243056188,6.500031527212216,0.30089542269706726,-0.1999999999999993
1995-01-01,36,430,0.0001,0.95,1.0,0.02315306996190271,6.5000315019878085,0.3002454340457916,-0.1999999999999993
1995-01-01,37,430,0.0001,0.95,1.0,0.023143244898596475,6.500031476794743,0.299595445394516,-0.1999999999999993
1995-01-01,38,430,0.0001,0.95,1.0,0.023154119003650754,15.50003795499761,0.30114543437957764,-0.1999999999999993
1995-01-01,39,430,0.0001,0.95,1.0,0.02315684917361237,6.500031489628911,0.300495445728302,-0.1999999999999993
1995-01-01,40,430,0.0001,0.95,1.0,0.02314702411030614,6.500031464433851,0.29984545707702637,-0.1999999999999993
1995-01-01,41,430,0.0001,0.95,1.0,0.02314510567243709,15.500037948213603,0.301395446062088,-0.1999999999999993
1995-01-01,42,430,0.0001,0.95,1.0,0.023160628385322037,6.5000314772886565,0.3007454574108124,-0.1999999999999993
1995-01-01,43,430,0.0001,0.95,1.0,0.023150803322015807,6.500031452092653,0.30009546875953674,-0.1999999999999993
1995-01-01,44,430,0.0001,0.95,1.0,0.023140978258709574,6.500031426966331,0.2994454801082611,-0.1999999999999993
1995-01-01,45,430,0.0001,0.95,1.0,0.023159523897392804,15.50003791332835,0.30099546909332275,-0.1999999999999993
1995-01-01,46,430,0.0001,0.95,1.0,0.023154582533725473,6.50003143979518,0.3003454804420471,-0.1999999999999993
1995-01-01,47,430,0.0001,0.95,1.0,0.02314475747041924,6.500031414650038,0.2996954917907715,-0.1999999999999993
1995-01-01,48,430,0.0001,0.95,1.0,0.02315051056617914,15.500037906580589,0.30124548077583313,-0.1999999999999993
1995-01-01,49,430,0.0001,0.95,1.0,0.02315836174543514,6.5000314274877375,0.3005954921245575,-0.1999999999999993
1995-01-01,50,430,0.0001,0.95,1.0,0.023148536682128906,6.500031402356552,0.29994550347328186,-0.1999999999999993
1995-01-01,51,430,0.0001,0.95,1.0,0.023141499452812728,15.500037899870632,0.3014954924583435,-0.1999999999999993
1995-01-01,52,430,0.0001,0.95,1.0,0.023162140957144802,6.500031415216325,0.30084550380706787,-0.1999999999999993
1995-01-01,53,430,0.0001,0.95,1.0,0.023152315893838572,6.500031390080593,0.30019551515579224,-0.1999999999999993
1995-01-01,54,430,0.0001,0.95,1.0,0.023142488612685093,6.500031364984563,0.2995455265045166,-0.1999999999999993
1995-01-01,55,430,0.0001,0.95,1.0,0.02315591767776844,15.500037865060104,0.30109551548957825,-0.1999999999999993
1995-01-01,56,430,0.0001,0.95,1.0,0.02315609510554824,6.500031377822823,0.3004455268383026,-0.1999999999999993
1995-01-01,57,430,0.0001,0.95,1.0,0.023146270042242005,6.500031352730396,0.299795538187027,-0.1999999999999993
1995-01-01,58,430,0.0001,0.95,1.0,0.023146906564402027,15.500037858370463,0.3013455271720886,-0.1999999999999993
1995-01-01,59,430,0.0001,0.95,1.0,0.023159874317257904,6.500031365589678,0.300695538520813,-0.1999999999999993
1995-01-01,60,430,0.0001,0.95,1.0,0.02315004925395167,6.500031340494103,0.30004554986953735,-0.1999999999999993
1995-01-01,61,430,0.0001,0.95,1.0,0.02314022419064544,6.500031315446662,0.2993955612182617,-0.1999999999999993
1995-01-01,62,430,0.0001,0.95,1.0,0.023161322571510493,15.500037823654056,0.30094555020332336,-0.1999999999999993
1995-01-01,63,430,0.0001,0.95,1.0,0.023153828465661337,6.50003132827684,0.30029556155204773,-0.1999999999999993
1995-01-01,64,430,0.0001,0.95,1.0,0.023144001184507858,6.500031303229888,0.2996455729007721,-0.1999999999999993
1995-01-01,65,430,0.0001,0.95,1.0,0.023152311458144077,15.50003781696971,0.30119556188583374,-0.1999999999999993
1995-01-01,66,430,0.0001,0.95,1.0,0.023157607677371003,6.500031316085534,0.3005455732345581,-0.1999999999999993
1995-01-01,67,430,0.0001,0.95,1.0,0.02314778483191202,6.500031291032844,0.29989558458328247,-0.1999999999999993
1995-01-01,68,430,0.0001,0.95,1.0,0.023143300344777663,15.50003781032449,0.3014455735683441,-0.1999999999999993
1995-01-01,69,430,0.0001,0.95,1.0,0.02316138688908067,6.50003130390409,0.3007955849170685,-0.1999999999999993
1995-01-01,70,430,0.0001,0.95,1.0,0.023151561825774436,6.500031278858956,0.30014559626579285,-0.1999999999999993
1995-01-01,71,430,0.0001,0.95,1.0,0.023141736762468206,6.5000312538544005,0.2994956076145172,-0.1999999999999993
1995-01-01,72,430,0.0001,0.95,1.0,0.02315771635188613,15.500037775705835,0.30104559659957886,-0.1999999999999993
1995-01-01,73,430,0.0001,0.95,1.0,0.023155341037484102,6.500031266707212,0.3003956079483032,-0.1999999999999993
1995-01-01,74,430,0.0001,0.95,1.0,0.023145513756330623,6.500031241697024,0.2997456192970276,-0.1999999999999993
1995-01-01,75,430,0.0001,0.95,1.0,0.023148705238519713,15.500037769084274,0.30129560828208923,-0.1999999999999993
1995-01-01,76,430,0.0001,0.95,1.0,0.023159120249193768,6.500031254570999,0.3006456196308136,-0.1999999999999993
1995-01-01,77,430,0.0001,0.95,1.0,0.023149295185887535,6.500031229568856,0.29999563097953796,-0.1999999999999993
1995-01-01,78,430,0.0001,0.95,1.0,0.02313969190730605,15.500037762479819,0.3015456199645996,-0.1999999999999993
1995-01-01,79,430,0.0001,0.95,1.0,0.023162899460903434,6.500031242458221,0.300895631313324,-0.1999999999999993
1995-01-01,80,430,0.0001,0.95,1.0,0.0231530743975972,6.500031217457653,0.30024564266204834,-0.1999999999999993
1995-01-01,81,430,0.0001,0.95,1.0,0.023143244898596475,6.500031192504623,0.2995956540107727,-0.1999999999999993
1995-01-01,82,430,0.0001,0.95,1.0,0.023154110132261763,15.500037727962193,0.30114564299583435,-0.1999999999999993
1995-01-01,83,430,0.0001,0.95,1.0,0.023156853609306867,6.500031205354881,0.3004956543445587,-0.1999999999999993
1995-01-01,84,430,0.0001,0.95,1.0,0.023147028546000637,6.5000311804048945,0.2998456656932831,-0.1999999999999993
1995-01-01,85,430,0.0001,0.95,1.0,0.02314509901889535,15.50003772135976,0.3013956546783447,-0.1999999999999993
1995-01-01,86,430,0.0001,0.95,1.0,0.023160632821016533,6.500031193289223,0.3007456660270691,-0.1999999999999993
1995-01-01,87,430,0.0001,0.95,1.0,0.023150807757710303,6.500031168329616,0.30009567737579346,-0.1999999999999993
1995-01-01,88,430,0.0001,0.95,1.0,0.023140980476556824,6.500031143419962,0.2994456887245178,-0.1999999999999993
1995-01-01,89,430,0.0001,0.95,1.0,0.023159515026003816,15.500037686948868,0.30099567770957947,-0.1999999999999993
1995-01-01,90,430,0.0001,0.95,1.0,0.023154586969419966,6.50003115627823,0.30034568905830383,-0.1999999999999993
1995-01-01,91,430,0.0001,0.95,1.0,0.02314475747041924,6.500031131367666,0.2996957004070282,-0.1999999999999993
1995-01-01,92,430,0.0001,0.95,1.0,0.0231505039126374,15.500037680385002,0.30124568939208984,-0.1999999999999993
1995-01-01,93,430,0.0001,0.95,1.0,0.023158363963282386,6.500031144247448,0.3005957007408142,-0.1999999999999993
1995-01-01,94,430,0.0001,0.95,1.0,0.023148538899976152,6.500031119338387,0.2999457120895386,-0.1999999999999993
1995-01-01,95,430,0.0001,0.95,1.0,0.023141490581423736,15.500037673839266,0.3014957010746002,-0.1999999999999993
1995-01-01,96,430,0.0001,0.95,1.0,0.023162145392839298,6.500031132234645,0.3008457124233246,-0.1999999999999993
1995-01-01,97,430,0.0001,0.95,1.0,0.023152320329533068,6.500031107322192,0.30019572377204895,-0.1999999999999993
1995-01-01,98,430,0.0001,0.95,1.0,0.02314249304837959,6.5000310824542336,0.2995457053184509,-0.1999999999999993
1995-01-01,99,430,0.0001,0.95,1.0,0.023155908806379452,15.500037639523343,0.30109572410583496,-0.1999999999999993
1995-01-01,100,430,0.0001,0.95,1.0,0.023156097323395484,6.500031095328174,0.3004457354545593,-0.1999999999999993
1999-12-01,1,489,0.0001,0.95,1.0,0.022534973050919047,8.450020659593305,0.29969966411590576,0.0
1999-12-01,2,489,0.0001,0.95,1.0,0.022533884809061062,13.55002295223447,0.3010546565055847,0.0
1999-12-01,3,489,0.0001,0.95,1.0,0.022543788200019572,8.450020665830593,0.300209641456604,0.0
1999-12-01,4,489,0.0001,0.95,1.0,0.022529184696376933,8.450020652233983,0.2993645966053009,0.0
1999-12-01,5,489,0.0001,0.95,1.0,0.02254316996943,13.550022949092728,0.30071961879730225,0.0
1999-12-01,6,489,0.0001,0.95,1.0,0.022537997895223233,8.450020658469647,0.29987460374832153,0.0
1999-12-01,7,489,0.0001,0.95,1.0,0.022529036477055772,13.550022951044326,0.3012295961380005,0.0
1999-12-01,8,489,0.0001,0.95,1.0,0.022546809143815304,8.45002066470599,0.3003845810890198,0.0
1999-12-01,9,489,0.0001,0.95,1.0,0.02253220954068112,8.450020651108769,0.2995395362377167,0.0
1999-12-01,10,489,0.0001,0.95,1.0,0.02253832163742471,13.550022947886172,0.300894558429718,0.0
1999-12-01,11,489,0.0001,0.95,1.0,0.02254102078927319,8.450020657341005,0.3000495433807373,0.0
1999-12-01,12,489,0.0001,0.95,1.0,0.022526419235884776,8.450020643756336,0.2992044985294342,0.0
1999-12-01,13,489,0.0001,0.95,1.0,0.02254760679779365,13.550022944748521,0.30055952072143555,0.0
1999-12-01,14,489,0.0001,0.95,1.0,0.02253523048447685,8.450020649988405,0.29971447587013245,0.0
1999-12-01,15,489,0.0001,0.95,1.0,0.02253347525567365,13.550022946720194,0.3010694980621338,0.0
1999-12-01,16,489,0.0001,0.95,1.0,0.022544045633577373,8.450020656216578,0.3002244830131531,0.0
1999-12-01,17,489,0.0001,0.95,1.0,0.02252944017968051,8.450020642646408,0.29937943816185,0.0
1999-12-01,18,489,0.0001,0.95,1.0,0.022542760416042584,13.550022943575057,0.3007344603538513,0.0
1999-12-01,19,489,0.0001,0.95,1.0,0.02253825337852681,8.450020648870703,0.2998894155025482,0.0
1999-12-01,20,489,0.0001,0.95,1.0,0.022528624973414135,13.550022945494055,0.30124443769454956,0.0
1999-12-01,21,489,0.0001,0.95,1.0,0.02254706462711888,8.450020655115148,0.30039942264556885,0.0
1999-12-01,22,489,0.0001,0.95,1.0,0.022532465023984694,8.450020641522464,0.29955437779426575,0.0
1999-12-01,23,489,0.0001,0.95,1.0,0.022537912084037298,13.550022942383675,0.3009093999862671,0.0
1999-12-01,24,489,0.0001,0.95,1.0,0.022541276272576766,8.45002064775237,0.300064355134964,0.0
1999-12-01,25,489,0.0001,0.95,1.0,0.02252667276893413,8.450020634198392,0.2992193400859833,0.0
1999-12-01,26,489,0.0001,0.95,1.0,0.022547193343897782,13.550022939252793,0.3005743622779846,0.0
1999-12-01,27,489,0.0001,0.95,1.0,0.022535485967780426,8.450020640417367,0.2997293174266815,0.0
1999-12-01,28,489,0.0001,0.95,1.0,0.022533061801777783,13.550022941180192,0.30108433961868286,0.0
1999-12-01,29,489,0.0001,0.95,1.0,0.022544301116880952,8.450020646654938,0.30023932456970215,0.0
1999-12-01,30,489,0.0001,0.95,1.0,0.022529695662984087,8.450020633088451,0.29939427971839905,0.0
1999-12-01,31,489,0.0001,0.95,1.0,0.02254234696214672,13.550022938060506,0.3007493019104004,0.0
1999-12-01,32,489,0.0001,0.95,1.0,0.022538510812084613,8.450020639315145,0.2999042570590973,0.0
1999-12-01,33,489,0.0001,0.95,1.0,0.02252821542002672,13.550022939999534,0.30125927925109863,0.0
1999-12-01,34,489,0.0001,0.95,1.0,0.022547325961185135,8.450020645548806,0.3004142642021179,0.0
1999-12-01,35,489,0.0001,0.95,1.0,0.0225327224575425,8.450020631995102,0.2995692193508148,0.0
1999-12-01,36,489,0.0001,0.95,1.0,0.022537502530649883,13.55002293689404,0.30092424154281616,0.0
1999-12-01,37,489,0.0001,0.95,1.0,0.02254153370613457,8.45002063821848,0.30007919669151306,0.0
1999-12-01,38,489,0.0001,0.95,1.0,0.02252693215274616,8.450020624684,0.29923418164253235,0.0
1999-12-01,39,489,0.0001,0.95,1.0,0.02254678379051037,13.55002293378989,0.3005892038345337,0.0
1999-12-01,40,489,0.0001,0.95,1.0,0.022535745351592456,8.450020630893857,0.2997441589832306,0.0
1999-12-01,41,489,0.0001,0.95,1.0,0.022532654198644596,13.550022935703717,0.30109918117523193,0.0
1999-12-01,42,489,0.0001,0.95,1.0,0.022544556600184527,8.450020637122263,0.30025413632392883,0.0
1999-12-01,43,489,0.0001,0.95,1.0,0.02252995309654189,8.450020623581409,0.2994091212749481,0.0
1999-12-01,44,489,0.0001,0.95,1.0,0.02254193545850508,13.550022932600973,0.30076414346694946,0.0
1999-12-01,45,489,0.0001,0.95,1.0,0.022538766295388188,8.450020629797159,0.29991909861564636,0.0
1999-12-01,46,489,0.0001,0.95,1.0,0.022527805866639307,13.550022934513734,0.3012741208076477,0.0
1999-12-01,47,489,0.0001,0.95,1.0,0.02254757949423449,8.450020636037308,0.3004290759563446,0.0
1999-12-01,48,489,0.0001,0.95,1.0,0.02253297599059185,8.450020622493145,0.2995840609073639,0.0
1999-12-01,49,489,0.0001,0.95,1.0,0.022537091027008245,13.550022931419807,0.30093908309936523,0.0
1999-12-01,50,489,0.0001,0.95,1.0,0.022541791139692374,8.450020628707462,0.30009403824806213,0.0
1999-12-01,51,489,0.0001,0.95,1.0,0.022527187636049734,8.450020615201094,0.2992490231990814,0.0
1999-12-01,52,489,0.0001,0.95,1.0,0.022546370336614503,13.550022928339304,0.3006040155887604,0.0
1999-12-01,53,489,0.0001,0.95,1.0,0.022536000834896035,8.450020621406303,0.29975900053977966,0.0
1999-12-01,54,489,0.0001,0.95,1.0,0.022532242695002955,13.550022930240159,0.301114022731781,0.0
1999-12-01,55,489,0.0001,0.95,1.0,0.02254481403374233,8.450020627634515,0.3002689778804779,0.0
1999-12-01,56,489,0.0001,0.95,1.0,0.022530210530099692,8.450020614116932,0.2994239628314972,0.0
1999-12-01,57,489,0.0001,0.95,1.0,0.022541523954863443,13.550022927169852,0.30077895522117615,0.0
1999-12-01,58,489,0.0001,0.95,1.0,0.022539023728945992,8.450020620325068,0.29993394017219543,0.0
1999-12-01,59,489,0.0001,0.95,1.0,0.022527396313251895,13.550022929089149,0.3012889623641968,0.0
1999-12-01,60,489,0.0001,0.95,1.0,0.02254783692779229,8.45002062655923,0.3004439175128937,0.0
1999-12-01,61,489,0.0001,0.95,1.0,0.022533233424149653,8.45002061303844,0.29959890246391296,0.0
1999-12-01,62,489,0.0001,0.95,1.0,0.02253667757311238,13.550022925987422,0.3009538948535919,0.0
1999-12-01,63,489,0.0001,0.95,1.0,0.02254204662299595,8.450020619254458,0.3001088798046112,0.0
1999-12-01,64,489,0.0001,0.95,1.0,0.02252744506960754,8.450020605755537,0.2992638647556305,0.0
1999-12-01,65,489,0.0001,0.95,1.0,0.022545962733481317,13.550022922928987,0.30061885714530945,0.0
1999-12-01,66,489,0.0001,0.95,1.0,0.02253625631819961,8.45002061196626,0.29977384209632874,0.0
1999-12-01,67,489,0.0001,0.95,1.0,0.022531831191361318,13.550022924831744,0.3011288344860077,0.0
1999-12-01,68,489,0.0001,0.95,1.0,0.02254506756679168,8.450020618183636,0.300283819437027,0.0
1999-12-01,69,489,0.0001,0.95,1.0,0.022530467963657496,8.450020604685177,0.29943880438804626,0.0
1999-12-01,70,489,0.0001,0.95,1.0,0.0225411124512218,13.550022921756085,0.3007937967777252,0.0
1999-12-01,71,489,0.0001,0.95,1.0,0.022539279212249567,8.45002061089431,0.2999487817287445,0.0
1999-12-01,72,489,0.0001,0.95,1.0,0.022526980909101803,13.550022923655265,0.30130377411842346,0.0
1999-12-01,73,489,0.0001,0.95,1.0,0.022548094361350093,8.450020617114614,0.30045875906944275,0.0
1999-12-01,74,489,0.0001,0.95,1.0,0.022533490857707453,8.450020603611334,0.29961374402046204,0.0
1999-12-01,75,489,0.0001,0.95,1.0,0.022536266069470737,13.55002292059487,0.300968736410141,0.0
1999-12-01,76,489,0.0001,0.95,1.0,0.022542304056553754,8.450020609824687,0.3001237213611603,0.0
1999-12-01,77,489,0.0001,0.95,1.0,0.022527700552911114,8.450020596348066,0.29927870631217957,0.0
1999-12-01,78,489,0.0001,0.95,1.0,0.02254554927958545,13.550022917528366,0.3006336987018585,0.0
1999-12-01,79,489,0.0001,0.95,1.0,0.022536513751757414,8.450020602558022,0.2997886836528778,0.0
1999-12-01,80,489,0.0001,0.95,1.0,0.02253141773746545,13.550022919419193,0.30114367604255676,0.0
1999-12-01,81,489,0.0001,0.95,1.0,0.02254532695060371,8.450020608767625,0.30029866099357605,0.0
1999-12-01,82,489,0.0001,0.95,1.0,0.0225307253972153,8.450020595297701,0.29945364594459534,0.0
1999-12-01,83,489,0.0001,0.95,1.0,0.02254070289783439,13.550022916383961,0.3008086383342743,0.0
1999-12-01,84,489,0.0001,0.95,1.0,0.022539536645807372,8.450020601501109,0.2999636232852936,0.0
1999-12-01,85,489,0.0001,0.95,1.0,0.022526571355714387,13.55002291829245,0.30131861567497253,0.0
1999-12-01,86,489,0.0001,0.95,1.0,0.022548347894399443,8.45002060771482,0.3004736006259918,0.0
1999-12-01,87,489,0.0001,0.95,1.0,0.022533746341011032,8.450020594238579,0.2996285855770111,0.0
1999-12-01,88,489,0.0001,0.95,1.0,0.022535856516083325,13.550022915228249,0.30098357796669006,0.0
1999-12-01,89,489,0.0001,0.95,1.0,0.02254255953985733,8.450020600444745,0.30013856291770935,0.0
1999-12-01,90,489,0.0001,0.95,1.0,0.022527956036214693,8.450020586992471,0.29929354786872864,0.0
1999-12-01,91,489,0.0001,0.95,1.0,0.022545139726198038,13.550022912213409,0.3006485402584076,0.0
1999-12-01,92,489,0.0001,0.95,1.0,0.02253676923506099,8.450020593190766,0.2998035252094269,0.0
1999-12-01,93,489,0.0001,0.95,1.0,0.022531008184078036,13.550022914073915,0.30115851759910583,0.0
1999-12-01,94,489,0.0001,0.95,1.0,0.02254558243390729,8.450020599400393,0.3003135025501251,0.0
1999-12-01,95,489,0.0001,0.95,1.0,0.02253097893026465,8.450020585948309,0.2994684875011444,0.0
1999-12-01,96,489,0.0001,0.95,1.0,0.022540293344446974,13.550022911042861,0.30082347989082336,0.0
1999-12-01,97,489,0.0001,0.95,1.0,0.022539794079365176,8.450020592150771,0.29997846484184265,0.0
1999-12-01,98,489,0.0001,0.95,1.0,0.02252615985207275,13.550022912907206,0.3013334572315216,0.0
1999-12-01,99,489,0.0001,0.95,1.0,0.022548607278211473,8.450020598369466,0.3004884421825409,0.0
1999-12-01,100,489,0.0001,0.95,1.0,0.022534005724823062,8.450020584906698,0.2996434271335602,0.0
