date,q0.05,q0.10,q0.25,q0.50,q0.75,q0.90,q0.95,actual
1980-01-01,-0.2999999999999998,-0.2000000000000001,-0.1000000000000005,0.0,0.0999999999999996,0.2000000000000001,0.3000000000000007,0.0
1980-02-01,-0.2999999999999998,-0.2000000000000001,-0.1000000000000005,0.0,0.0999999999999996,0.2000000000000001,0.3000000000000007,0.0
1980-03-01,-0.2999999999999998,-0.2000000000000001,-0.1000000000000005,0.0,0.0999999999999996,0.2000000000000001,0.3000000000000007,0.6000000000000005
1980-04-01,-0.2999999999999998,-0.2000000000000001,-0.1000000000000005,0.0,0.0999999999999996,0.2000000000000001,0.3000000000000007,0.5999999999999996
1980-05-01,-0.2999999999999998,-0.2000000000000001,-0.10000000000000038,0.0,0.0999999999999996,0.2000000000000001,0.3000000000000007,0.0999999999999996
1980-06-01,-0.2999999999999998,-0.2000000000000001,-0.10000000000000026,0.0,0.0999999999999996,0.2000000000000001,0.3000000000000007,0.2000000000000001
1980-07-01,-0.2999999999999998,-0.2000000000000001,-0.10000000000000013,0.0,0.0999999999999996,0.2000000000000001,0.3000000000000007,-0.0999999999999996
1980-08-01,-0.2999999999999998,-0.2000000000000001,-0.1,0.0,0.0999999999999996,0.2000000000000001,0.3000000000000007,-0.2000000000000001
1980-09-01,-0.2999999999999998,-0.2000000000000001,-0.10000000000000038,0.0,0.0999999999999996,0.2000000000000001,0.3000000000000007,0.0
1980-10-01,-0.2999999999999998,-0.2000000000000001,-0.10000000000000026,0.0,0.0999999999999996,0.2000000000000001,0.3000000000000007,0.0
1980-11-01,-0.2999999999999998,-0.2000000000000001,-0.10000000000000013,0.0,0.0999999999999996,0.2000000000000001,0.3000000000000007,-0.2999999999999998
1980-12-01,-0.2999999999999998,-0.2000000000000001,-0.1000000000000005,0.0,0.0999999999999996,0.2000000000000001,0.3000000000000007,0.2999999999999998
1981-01-01,-0.2999999999999998,-0.2000000000000001,-0.10000000000000038,0.0,0.0999999999999996,0.2000000000000001,0.3000000000000007,-0.0999999999999996
1981-02-01,-0.2999999999999998,-0.2000000000000001,-0.10000000000000026,0.0,0.0999999999999996,0.2000000000000001,0.3000000000000007,0.0
1981-03-01,-0.2999999999999998,-0.2000000000000001,-0.10000000000000013,0.0,0.0999999999999996,0.2000000000000001,0.3000000000000007,-0.2000000000000001
1981-04-01,-0.2999999999999998,-0.2000000000000001,-0.1000000000000005,0.0,0.0999999999999996,0.2000000000000001,0.3000000000000007,0.2999999999999998
1981-05-01,-0.2999999999999998,-0.2000000000000001,-0.10000000000000038,0.0,0.0999999999999996,0.2000000000000001,0.3000000000000007,0.0
1981-06-01,-0.2999999999999998,-0.2000000000000001,-0.10000000000000026,0.0,0.0999999999999996,0.2000000000000001,0.3000000000000007,-0.2999999999999998
1981-07-01,-0.2999999999999998,-0.2000000000000001,-0.1000000000000005,0.0,0.0999999999999996,0.2000000000000001,0.3000000000000007,0.2000000000000001
1981-08-01,-0.2999999999999998,-0.2000000000000001,-0.1000000000000005,0.0,0.0999999999999996,0.2000000000000001,0.3000000000000007,0.1999999999999993
1981-09-01,-0.2999999999999998,-0.2000000000000001,-0.10000000000000038,0.0,0.0999999999999996,0.2000000000000001,0.3000000000000007,0.3000000000000007
1981-10-01,-0.2999999999999998,-0.2000000000000001,-0.10000000000000026,0.0,0.0999999999999996,0.2000000000000001,0.3000000000000007,0.4000000000000003
1981-11-01,-0.2999999999999998,-0.2000000000000001,-0.10000000000000013,0.0,0.0999999999999996,0.20000000000000093,0.3000000000000007,0.1999999999999993
1981-12-01,-0.2999999999999998,-0.2000000000000001,-0.1,0.0,0.0999999999999996,0.20000000000000082,0.3000000000000007,0.0999999999999996
1982-01-01,-0.2999999999999998,-0.2000000000000001,-0.1,0.0,0.0999999999999996,0.20000000000000073,0.3000000000000007,0.3000000000000007
1982-02-01,-0.2999999999999998,-0.2000000000000001,-0.1,0.0,0.09999999999999981,0.25999999999999973,0.3000000000000007,0.0999999999999996
1982-03-01,-0.2999999999999998,-0.2000000000000001,-0.1,0.0,0.0999999999999997,0.25000000000000044,0.3000000000000007,0.3000000000000007
1982-04-01,-0.2999999999999998,-0.2000000000000001,-0.1,0.0,0.1,0.2999999999999998,0.3000000000000007,0.0999999999999996
1982-05-01,-0.2999999999999998,-0.2000000000000001,-0.1,0.0,0.09999999999999991,0.2999999999999998,0.3000000000000007,0.1999999999999993
1982-06-01,-0.2999999999999998,-0.2000000000000001,-0.1,0.0,0.1,0.2999999999999998,0.3000000000000007,0.200000000000001
1982-07-01,-0.2999999999999998,-0.2000000000000001,-0.1,0.0,0.1,0.2999999999999998,0.3000000000000007,0.0
1982-08-01,-0.2999999999999998,-0.2000000000000001,-0.1,0.0,0.1,0.2999999999999998,0.3000000000000007,0.2999999999999989
1982-09-01,-0.2999999999999998,-0.2000000000000001,-0.1,0.0,0.1,0.2999999999999997,0.3000000000000007,0.3000000000000007
1982-10-01,-0.2999999999999998,-0.2000000000000001,-0.1,0.0,0.1,0.2999999999999998,0.3000000000000007,0.4000000000000003
1982-11-01,-0.2999999999999998,-0.2000000000000001,-0.1,0.0,0.10000000000000013,0.2999999999999998,0.3000000000000007,0.0
1982-12-01,-0.2999999999999998,-0.2000000000000001,-0.1,0.0,0.1,0.2999999999999998,0.3000000000000007,-0.4000000000000003
1983-01-01,-0.2999999999999998,-0.2000000000000001,-0.1,0.0,0.1,0.2999999999999998,0.3000000000000007,0.0
1983-02-01,-0.2999999999999998,-0.2000000000000001,-0.1,0.0,0.1,0.2999999999999998,0.3000000000000007,-0.0999999999999996
1983-03-01,-0.2999999999999998,-0.2000000000000001,-0.1,0.0,0.1,0.2999999999999998,0.3000000000000007,-0.1000000000000014
1983-04-01,-0.2999999999999998,-0.2000000000000001,-0.1,0.0,0.1,0.2999999999999998,0.3000000000000007,-0.0999999999999996
1983-05-01,-0.2999999999999998,-0.2000000000000001,-0.1,0.0,0.1,0.2999999999999998,0.3000000000000007,0.0
1983-06-01,-0.2999999999999998,-0.2000000000000001,-0.1,0.0,0.1,0.2999999999999998,0.3000000000000007,-0.6999999999999993
1983-07-01,-0.2999999999999998,-0.2000000000000001,-0.1,0.0,0.1,0.2999999999999998,0.3000000000000007,0.0999999999999996
1983-08-01,-0.2999999999999998,-0.2000000000000001,-0.1,0.0,0.1,0.2999999999999998,0.3000000000000007,-0.3000000000000007
1983-09-01,-0.2999999999999998,-0.2000000000000001,-0.1,0.0,0.1,0.2999999999999998,0.3000000000000007,-0.3999999999999986
1983-10-01,-0.2999999999999998,-0.2000000000000001,-0.1,0.0,0.1,0.2999999999999998,0.3000000000000007,-0.3000000000000007
1983-11-01,-0.2999999999999998,-0.2000000000000001,-0.10000000000000013,0.0,0.1,0.2999999999999998,0.3000000000000007,-0.1999999999999993
1983-12-01,-0.2999999999999998,-0.2000000000000001,-0.1000000000000005,0.0,0.1,0.2999999999999998,0.3000000000000007,-0.3000000000000007
1984-01-01,-0.2999999999999998,-0.2000000000000001,-0.1000000000000005,0.0,0.09999999999999991,0.2999999999999998,0.3000000000000007,-0.2000000000000001
1984-02-01,-0.2999999999999998,-0.2000000000000001,-0.1000000000000005,0.0,0.09999999999999981,0.2999999999999998,0.3000000000000007,0.0
1984-03-01,-0.2999999999999998,-0.2000000000000001,-0.1000000000000005,0.0,0.0999999999999997,0.2999999999999998,0.3000000000000007,-0.0999999999999996
1984-04-01,-0.2999999999999998,-0.2000000000000001,-0.1000000000000005,0.0,0.0999999999999996,0.2999999999999998,0.3000000000000007,-0.2999999999999998
1984-05-01,-0.2999999999999998,-0.2000000000000001,-0.1000000000000005,0.0,0.0999999999999996,0.2999999999999997,0.3000000000000007,-0.2000000000000001
1984-06-01,-0.2999999999999998,-0.2000000000000001,-0.1000000000000005,0.0,0.0999999999999996,0.29999999999999966,0.3000000000000007,0.2999999999999998
1984-07-01,-0.2999999999999998,-0.2000000000000001,-0.1000000000000005,0.0,0.0999999999999997,0.2999999999999998,0.3000000000000007,0.0
1984-08-01,-0.2999999999999998,-0.2000000000000001,-0.1000000000000005,0.0,0.0999999999999996,0.2999999999999998,0.3000000000000007,-0.2000000000000001
1984-09-01,-0.2999999999999998,-0.2000000000000001,-0.1000000000000005,0.0,0.0999999999999996,0.2999999999999998,0.3000000000000007,0.1000000000000005
1984-10-01,-0.2999999999999998,-0.2000000000000001,-0.1000000000000005,0.0,0.09999999999999981,0.2999999999999998,0.3000000000000007,-0.2000000000000001
1984-11-01,-0.2999999999999998,-0.2000000000000001,-0.1000000000000005,0.0,0.0999999999999997,0.2999999999999998,0.3000000000000007,0.0999999999999996
1984-12-01,-0.2999999999999998,-0.2000000000000001,-0.1000000000000005,0.0,0.0999999999999996,0.2999999999999998,0.3000000000000007,0.0
1985-01-01,-0.2999999999999998,-0.2000000000000001,-0.1000000000000005,0.0,0.0999999999999996,0.2999999999999998,0.3000000000000007,-0.0999999999999996
1985-02-01,-0.2999999999999998,-0.2000000000000001,-0.1000000000000005,0.0,0.0999999999999996,0.2999999999999998,0.3000000000000007,0.0
1985-03-01,-0.2999999999999998,-0.2000000000000001,-0.1000000000000005,0.0,0.0999999999999996,0.2999999999999997,0.3000000000000007,0.0999999999999996
1985-04-01,-0.2999999999999998,-0.2000000000000001,-0.1000000000000005,0.0,0.0999999999999996,0.29999999999999966,0.3000000000000007,-0.0999999999999996
1985-05-01,-0.2999999999999998,-0.2000000000000001,-0.1000000000000005,0.0,0.0999999999999996,0.29999999999999954,0.3000000000000007,0.2000000000000001
1985-06-01,-0.2999999999999998,-0.2000000000000001,-0.1000000000000005,0.0,0.0999999999999996,0.29999999999999943,0.3000000000000007,0.0
1985-07-01,-0.2999999999999998,-0.2000000000000001,-0.1000000000000005,0.0,0.0999999999999996,0.2999999999999994,0.3000000000000007,-0.3000000000000007
1985-08-01,-0.2999999999999998,-0.2000000000000001,-0.1000000000000005,0.0,0.0999999999999996,0.29999999999999927,0.3000000000000007,0.0
1985-09-01,-0.2999999999999998,-0.2000000000000001,-0.1000000000000005,0.0,0.0999999999999996,0.29999999999999916,0.3000000000000007,0.0
1985-10-01,-0.2999999999999998,-0.2000000000000001,-0.1000000000000005,0.0,0.0999999999999996,0.29999999999999905,0.3000000000000007,-0.0999999999999996
1985-11-01,-0.2999999999999998,-0.2000000000000001,-0.1000000000000005,0.0,0.0999999999999996,0.299999999999999,0.3000000000000007,0.0
1985-12-01,-0.2999999999999998,-0.2000000000000001,-0.1000000000000005,0.0,0.0999999999999996,0.2999999999999989,0.3000000000000007,-0.2999999999999998
1986-01-01,-0.2999999999999998,-0.2000000000000001,-0.1000000000000005,0.0,0.0999999999999996,0.2900000000000025,0.3000000000000007,0.5
1986-02-01,-0.2999999999999998,-0.2000000000000001,-0.1000000000000005,0.0,0.0999999999999996,0.29999999999999966,0.3000000000000007,0.0
1986-03-01,-0.2999999999999998,-0.2000000000000001,-0.1000000000000005,0.0,0.0999999999999996,0.29999999999999954,0.3000000000000007,-0.1000000000000005
1986-04-01,-0.2999999999999998,-0.2000000000000001,-0.1000000000000005,0.0,0.0999999999999996,0.29999999999999943,0.3000000000000007,0.1000000000000005
1986-05-01,-0.2999999999999998,-0.2000000000000001,-0.1000000000000005,0.0,0.0999999999999996,0.2999999999999994,0.3000000000000007,0.0
1986-06-01,-0.2999999999999998,-0.2000000000000001,-0.1000000000000005,0.0,0.0999999999999996,0.29999999999999927,0.3000000000000007,-0.2000000000000001
1986-07-01,-0.2999999999999998,-0.2000000000000001,-0.1000000000000005,0.0,0.0999999999999996,0.29999999999999916,0.3000000000000007,-0.0999999999999996
1986-08-01,-0.2999999999999998,-0.2000000000000001,-0.1000000000000005,0.0,0.0999999999999996,0.29999999999999905,0.3000000000000007,0.0999999999999996
1986-09-01,-0.2999999999999998,-0.2000000000000001,-0.1000000000000005,0.0,0.0999999999999996,0.299999999999999,0.3000000000000007,0.0
1986-10-01,-0.2999999999999998,-0.2000000000000001,-0.1000000000000005,0.0,0.0999999999999996,0.2999999999999989,0.3000000000000007,-0.0999999999999996
1986-11-01,-0.2999999999999998,-0.2000000000000001,-0.1000000000000005,0.0,0.0999999999999996,0.2900000000000025,0.3000000000000007,-0.3000000000000007
1986-12-01,-0.2999999999999998,-0.2000000000000001,-0.1000000000000005,0.0,0.0999999999999996,0.28000000000000047,0.3000000000000007,0.0
1987-01-01,-0.2999999999999998,-0.2000000000000001,-0.1000000000000005,0.0,0.0999999999999996,0.26999999999999835,0.3000000000000007,0.0
1987-02-01,-0.2999999999999998,-0.2000000000000001,-0.1000000000000005,0.0,0.0999999999999996,0.260000000000002,0.3000000000000007,0.0
1987-03-01,-0.2999999999999998,-0.2000000000000001,-0.1000000000000005,0.0,0.0999999999999996,0.24999999999999994,0.3000000000000007,-0.2999999999999998
1987-04-01,-0.2999999999999998,-0.2000000000000001,-0.1000000000000005,0.0,0.0999999999999996,0.24000000000000357,0.3000000000000007,0.0
1987-05-01,-0.2999999999999998,-0.2000000000000001,-0.1000000000000005,0.0,0.0999999999999996,0.2300000000000015,0.3000000000000007,-0.0999999999999996
1987-06-01,-0.2999999999999998,-0.2000000000000001,-0.1000000000000005,0.0,0.0999999999999996,0.21999999999999945,0.3000000000000007,-0.1000000000000005
1987-07-01,-0.2999999999999998,-0.2000000000000001,-0.1000000000000005,0.0,0.0999999999999996,0.21000000000000307,0.3000000000000007,-0.0999999999999996
1987-08-01,-0.2999999999999998,-0.2000000000000001,-0.1000000000000005,0.0,0.0999999999999996,0.200000000000001,0.3000000000000007,-0.0999999999999996
1987-09-01,-0.2999999999999998,-0.2000000000000001,-0.1000000000000005,0.0,0.0999999999999996,0.200000000000001,0.3000000000000007,0.0999999999999996
1987-10-01,-0.2999999999999998,-0.2000000000000001,-0.1000000000000005,0.0,0.0999999999999996,0.200000000000001,0.3000000000000007,-0.2000000000000001
1987-11-01,-0.2999999999999998,-0.2000000000000001,-0.1000000000000005,0.0,0.0999999999999996,0.200000000000001,0.3000000000000007,-0.0999999999999996
1987-12-01,-0.2999999999999998,-0.2000000000000001,-0.1000000000000005,0.0,0.0999999999999996,0.200000000000001,0.3000000000000007,0.0
1988-01-01,-0.2999999999999998,-0.2000000000000001,-0.1000000000000005,0.0,0.0999999999999996,0.200000000000001,0.3000000000000007,0.0
1988-02-01,-0.2999999999999998,-0.2000000000000001,-0.1000000000000005,0.0,0.0999999999999996,0.200000000000001,0.3000000000000007,0.0
1988-03-01,-0.2999999999999998,-0.2000000000000001,-0.1000000000000005,0.0,0.0999999999999996,0.200000000000001,0.3000000000000007,-0.2999999999999998
1988-04-01,-0.2999999999999998,-0.2000000000000001,-0.1000000000000005,0.0,0.0999999999999996,0.200000000000001,0.3000000000000007,0.1999999999999993
1988-05-01,-0.2999999999999998,-0.2000000000000001,-0.1000000000000005,0.0,0.0999999999999996,0.200000000000001,0.3000000000000007,-0.1999999999999993
1988-06-01,-0.2999999999999998,-0.2000000000000001,-0.1000000000000005,0.0,0.0999999999999996,0.200000000000001,0.3000000000000007,0.0
1988-07-01,-0.2999999999999998,-0.2000000000000001,-0.1000000000000005,0.0,0.0999999999999996,0.20000000000000093,0.3000000000000007,0.1999999999999993
1988-08-01,-0.2999999999999998,-0.2000000000000001,-0.1000000000000005,0.0,0.0999999999999996,0.20000000000000082,0.3000000000000007,-0.1999999999999993
1988-09-01,-0.2999999999999998,-0.2000000000000001,-0.1000000000000005,0.0,0.0999999999999996,0.20000000000000073,0.3000000000000007,0.0
1988-10-01,-0.2999999999999998,-0.2000000000000001,-0.1000000000000005,0.0,0.0999999999999996,0.20000000000000065,0.3000000000000007,-0.1000000000000005
1988-11-01,-0.2999999999999998,-0.2000000000000001,-0.1000000000000005,0.0,0.0999999999999996,0.20000000000000057,0.3000000000000007,0.0
1988-12-01,-0.2999999999999998,-0.2000000000000001,-0.1000000000000005,0.0,0.0999999999999996,0.20000000000000046,0.3000000000000007,0.1000000000000005
1989-01-01,-0.2999999999999998,-0.2000000000000001,-0.1000000000000005,0.0,0.0999999999999996,0.20000000000000037,0.3000000000000007,-0.2000000000000001
1989-02-01,-0.2999999999999998,-0.2000000000000001,-0.1000000000000005,0.0,0.0999999999999996,0.2000000000000003,0.3000000000000007,-0.2000000000000001
1989-03-01,-0.2999999999999998,-0.2000000000000001,-0.1000000000000005,0.0,0.0999999999999996,0.20000000000000018,0.3000000000000007,0.2000000000000001
1989-04-01,-0.2999999999999998,-0.2000000000000001,-0.1000000000000005,0.0,0.0999999999999996,0.2000000000000001,0.3000000000000007,0.0
1989-05-01,-0.2999999999999998,-0.2000000000000001,-0.1000000000000005,0.0,0.0999999999999996,0.2000000000000001,0.3000000000000007,0.0999999999999996
1989-06-01,-0.2999999999999998,-0.2000000000000001,-0.1000000000000005,0.0,0.0999999999999996,0.2000000000000001,0.3000000000000007,-0.0999999999999996
1989-07-01,-0.2999999999999998,-0.2000000000000001,-0.1000000000000005,0.0,0.0999999999999996,0.2000000000000001,0.3000000000000007,0.0
1989-08-01,-0.2999999999999998,-0.2000000000000001,-0.1000000000000005,0.0,0.0999999999999996,0.2000000000000001,0.3000000000000007,0.0999999999999996
1989-09-01,-0.2999999999999998,-0.2000000000000001,-0.1000000000000005,0.0,0.0999999999999996,0.2000000000000001,0.3000000000000007,0.0
1989-10-01,-0.2999999999999998,-0.2000000000000001,-0.1000000000000005,0.0,0.0999999999999996,0.2000000000000001,0.3000000000000007,0.1000000000000005
1989-11-01,-0.2999999999999998,-0.2000000000000001,-0.1000000000000005,0.0,0.0999999999999996,0.2000000000000001,0.3000000000000007,0.0
1989-12-01,-0.2999999999999998,-0.2000000000000001,-0.1000000000000005,0.0,0.0999999999999996,0.2000000000000001,0.3000000000000007,0.0
1990-01-01,-0.2999999999999998,-0.2000000000000001,-0.1000000000000005,0.0,0.0999999999999996,0.2000000000000001,0.3000000000000007,-0.1000000000000005
1990-02-01,-0.2999999999999998,-0.2000000000000001,-0.1000000000000005,0.0,0.0999999999999996,0.2000000000000001,0.3000000000000007,-0.0999999999999996
1990-03-01,-0.2999999999999998,-0.2000000000000001,-0.1000000000000005,0.0,0.0999999999999996,0.2000000000000001,0.3000000000000007,0.2000000000000001
1990-04-01,-0.2999999999999998,-0.2000000000000001,-0.1000000000000005,0.0,0.0999999999999996,0.2000000000000001,0.3000000000000007,0.0
1990-05-01,-0.2999999999999998,-0.2000000000000001,-0.1000000000000005,0.0,0.0999999999999996,0.2000000000000001,0.3000000000000007,-0.2000000000000001
1990-06-01,-0.2999999999999998,-0.2000000000000001,-0.1000000000000005,0.0,0.0999999999999996,0.2000000000000001,0.3000000000000007,0.2999999999999998
1990-07-01,-0.2999999999999998,-0.2000000000000001,-0.1000000000000005,0.0,0.0999999999999996,0.2000000000000001,0.3000000000000007,0.2000000000000001
1990-08-01,-0.2999999999999998,-0.2000000000000001,-0.1000000000000005,0.0,0.0999999999999996,0.2000000000000001,0.3000000000000007,0.2000000000000001
1990-09-01,-0.2999999999999998,-0.2000000000000001,-0.1000000000000005,0.0,0.0999999999999996,0.2000000000000001,0.3000000000000007,0.0
1990-10-01,-0.2999999999999998,-0.2000000000000001,-0.1000000000000005,0.0,0.0999999999999996,0.2000000000000001,0.3000000000000007,0.2999999999999998
1990-11-01,-0.2999999999999998,-0.2000000000000001,-0.1000000000000005,0.0,0.0999999999999996,0.20000000000000018,0.3000000000000007,0.0999999999999996
1990-12-01,-0.2999999999999998,-0.2000000000000001,-0.1000000000000005,0.0,0.0999999999999996,0.2000000000000001,0.3000000000000007,0.1000000000000005
1991-01-01,-0.2999999999999998,-0.2000000000000001,-0.1000000000000005,0.0,0.0999999999999996,0.2000000000000001,0.3000000000000007,0.1999999999999993
1991-02-01,-0.2999999999999998,-0.2000000000000001,-0.1000000000000005,0.0,0.0999999999999996,0.2000000000000001,0.3000000000000007,0.2000000000000001
1991-03-01,-0.2999999999999998,-0.2000000000000001,-0.1000000000000005,0.0,0.0999999999999996,0.2000000000000001,0.3000000000000007,-0.0999999999999996
1991-04-01,-0.2999999999999998,-0.2000000000000001,-0.1000000000000005,0.0,0.0999999999999996,0.2000000000000001,0.3000000000000007,0.2000000000000001
1991-05-01,-0.2999999999999998,-0.2000000000000001,-0.10000000000000038,0.0,0.0999999999999996,0.2000000000000001,0.3000000000000007,0.0
1991-06-01,-0.2999999999999998,-0.2000000000000001,-0.10000000000000026,0.0,0.0999999999999996,0.2000000000000001,0.3000000000000007,-0.1000000000000005
1991-07-01,-0.2999999999999998,-0.2000000000000001,-0.1000000000000005,0.0,0.0999999999999996,0.2000000000000001,0.3000000000000007,0.1000000000000005
1991-08-01,-0.2999999999999998,-0.2000000000000001,-0.1000000000000005,0.0,0.0999999999999996,0.2000000000000001,0.3000000000000007,0.0
1991-09-01,-0.2999999999999998,-0.2000000000000001,-0.10000000000000038,0.0,0.0999999999999996,0.2000000000000001,0.3000000000000007,0.0999999999999996
1991-10-01,-0.2999999999999998,-0.2000000000000001,-0.10000000000000026,0.0,0.0999999999999996,0.2000000000000001,0.3000000000000007,0.0
1991-11-01,-0.2999999999999998,-0.2000000000000001,-0.10000000000000013,0.0,0.0999999999999996,0.2000000000000001,0.3000000000000007,0.2999999999999998
1991-12-01,-0.2999999999999998,-0.2000000000000001,-0.1,0.0,0.0999999999999996,0.2000000000000001,0.3000000000000007,0.0
1992-01-01,-0.2999999999999998,-0.2000000000000001,-0.1,0.0,0.0999999999999996,0.2000000000000001,0.3000000000000007,0.1000000000000005
1992-02-01,-0.2999999999999998,-0.2000000000000001,-0.1,0.0,0.0999999999999996,0.2000000000000001,0.3000000000000007,0.0
1992-03-01,-0.2999999999999998,-0.2000000000000001,-0.1,0.0,0.0999999999999996,0.2000000000000001,0.3000000000000007,0.0
1992-04-01,-0.2999999999999998,-0.2000000000000001,-0.1,0.0,0.0999999999999996,0.2000000000000001,0.3000000000000007,0.1999999999999993
1992-05-01,-0.2999999999999998,-0.2000000000000001,-0.1,0.0,0.0999999999999996,0.2000000000000001,0.3000000000000007,0.2000000000000001
1992-06-01,-0.2999999999999998,-0.2000000000000001,-0.1,0.0,0.0999999999999996,0.2000000000000001,0.3000000000000007,-0.0999999999999996
1992-07-01,-0.2999999999999998,-0.2000000000000001,-0.1,0.0,0.0999999999999996,0.2000000000000001,0.3000000000000007,-0.1000000000000005
1992-08-01,-0.2999999999999998,-0.2000000000000001,-0.1,0.0,0.0999999999999996,0.2000000000000001,0.3000000000000007,0.0
1992-09-01,-0.2999999999999998,-0.2000000000000001,-0.1,0.0,0.0999999999999996,0.2000000000000001,0.3000000000000007,-0.2999999999999998
1992-10-01,-0.2999999999999998,-0.2000000000000001,-0.1,0.0,0.0999999999999996,0.2000000000000001,0.3000000000000007,0.1000000000000005
1992-11-01,-0.2999999999999998,-0.2000000000000001,-0.1,0.0,0.0999999999999996,0.2000000000000001,0.3000000000000007,0.0
1992-12-01,-0.2999999999999998,-0.2000000000000001,-0.1,0.0,0.0999999999999996,0.2000000000000001,0.3000000000000007,-0.1000000000000005
1993-01-01,-0.2999999999999998,-0.2000000000000001,-0.1,0.0,0.0999999999999996,0.2000000000000001,0.3000000000000007,-0.2000000000000001
1993-02-01,-0.2999999999999998,-0.2000000000000001,-0.10000000000000026,0.0,0.0999999999999996,0.2000000000000001,0.3000000000000007,-0.0999999999999996
1993-03-01,-0.2999999999999998,-0.2000000000000001,-0.10000000000000013,0.0,0.0999999999999996,0.2000000000000001,0.3000000000000007,0.0999999999999996
1993-04-01,-0.2999999999999998,-0.2000000000000001,-0.1,0.0,0.0999999999999996,0.2000000000000001,0.3000000000000007,0.0
1993-05-01,-0.2999999999999998,-0.2000000000000001,-0.1,0.0,0.0999999999999996,0.2000000000000001,0.3000000000000007,-0.0999999999999996
1993-06-01,-0.2999999999999998,-0.2000000000000001,-0.1,0.0,0.0999999999999996,0.2000000000000001,0.3000000000000007,-0.0999999999999996
1993-07-01,-0.2999999999999998,-0.2000000000000001,-0.1,0.0,0.0999999999999996,0.2000000000000001,0.3000000000000007,-0.1000000000000005
1993-08-01,-0.2999999999999998,-0.2000000000000001,-0.1,0.0,0.0999999999999996,0.2000000000000001,0.3000000000000007,-0.0999999999999996
1993-09-01,-0.2999999999999998,-0.2000000000000001,-0.1,0.0,0.0999999999999996,0.2000000000000001,0.3000000000000007,0.0999999999999996
1993-10-01,-0.2999999999999998,-0.2000000000000001,-0.1,0.0,0.0999999999999996,0.2000000000000001,0.3000000000000007,-0.2000000000000001
1993-11-01,-0.2999999999999998,-0.2000000000000001,-0.10000000000000013,0.0,0.0999999999999996,0.2000000000000001,0.3000000000000007,-0.0999999999999996
1993-12-01,-0.2999999999999998,-0.2000000000000001,-0.1,0.0,0.0999999999999996,0.2000000000000001,0.3000000000000007,0.0999999999999996
1994-01-01,-0.2999999999999998,-0.2000000000000001,-0.1,0.0,0.0999999999999996,0.2000000000000001,0.3000000000000007,0.0
1994-02-01,-0.2999999999999998,-0.2000000000000001,-0.1,0.0,0.0999999999999996,0.2000000000000001,0.3000000000000007,-0.0999999999999996
1994-03-01,-0.2999999999999998,-0.2000000000000001,-0.1,0.0,0.0999999999999996,0.2000000000000001,0.3000000000000007,-0.0999999999999996
1994-04-01,-0.2999999999999998,-0.2000000000000001,-0.1,0.0,0.0999999999999996,0.2000000000000001,0.3000000000000007,-0.3000000000000007
1994-05-01,-0.2999999999999998,-0.2000000000000001,-0.1,0.0,0.0999999999999996,0.2000000000000001,0.3000000000000007,0.0
1994-06-01,-0.2999999999999998,-0.2000000000000001,-0.1,0.0,0.0999999999999996,0.2000000000000001,0.3000000000000007,0.0
1994-07-01,-0.2999999999999998,-0.2000000000000001,-0.1,0.0,0.0999999999999996,0.2000000000000001,0.3000000000000007,-0.0999999999999996
1994-08-01,-0.2999999999999998,-0.2000000000000001,-0.1,0.0,0.0999999999999996,0.2000000000000001,0.3000000000000007,-0.0999999999999996
1994-09-01,-0.2999999999999998,-0.2000000000000001,-0.1,0.0,0.0999999999999996,0.2000000000000001,0.3000000000000007,-0.1000000000000005
1994-10-01,-0.2999999999999998,-0.2000000000000001,-0.1,0.0,0.0999999999999996,0.2000000000000001,0.3000000000000007,-0.2000000000000001
1994-11-01,-0.2999999999999998,-0.2000000000000001,-0.10000000000000013,0.0,0.0999999999999996,0.2000000000000001,0.3000000000000007,-0.0999999999999996
1994-12-01,-0.2999999999999998,-0.2000000000000001,-0.1,0.0,0.0999999999999996,0.2000000000000001,0.3000000000000007,0.0999999999999996
1995-01-01,-0.2999999999999998,-0.2000000000000001,-0.1,0.0,0.0999999999999996,0.2000000000000001,0.3000000000000007,-0.1999999999999993
1995-02-01,-0.2999999999999998,-0.2000000000000001,-0.10000000000000026,0.0,0.0999999999999996,0.2000000000000001,0.3000000000000007,0.0
1995-03-01,-0.2999999999999998,-0.2000000000000001,-0.10000000000000013,0.0,0.0999999999999996,0.2000000000000001,0.3000000000000007,0.3999999999999994
1995-04-01,-0.2999999999999998,-0.2000000000000001,-0.1,0.0,0.0999999999999996,0.2000000000000001,0.3000000000000007,-0.2000000000000001
1995-05-01,-0.2999999999999998,-0.2000000000000001,-0.10000000000000038,0.0,0.0999999999999996,0.2000000000000001,0.3000000000000007,0.0
1995-06-01,-0.2999999999999998,-0.2000000000000001,-0.10000000000000026,0.0,0.0999999999999996,0.2000000000000001,0.3000000000000007,0.1000000000000005
1995-07-01,-0.2999999999999998,-0.2000000000000001,-0.10000000000000013,0.0,0.0999999999999996,0.2000000000000001,0.3000000000000007,0.0
1995-08-01,-0.2999999999999998,-0.2000000000000001,-0.1,0.0,0.0999999999999996,0.2000000000000001,0.3000000000000007,-0.1000000000000005
1995-09-01,-0.2999999999999998,-0.2000000000000001,-0.10000000000000038,0.0,0.0999999999999996,0.2000000000000001,0.3000000000000007,-0.0999999999999996
1995-10-01,-0.2999999999999998,-0.2000000000000001,-0.10000000000000026,0.0,0.0999999999999996,0.2000000000000001,0.3000000000000007,0.0999999999999996
1995-11-01,-0.2999999999999998,-0.2000000000000001,-0.10000000000000013,0.0,0.0999999999999996,0.2000000000000001,0.3000000000000007,0.0
1995-12-01,-0.2999999999999998,-0.2000000000000001,-0.1,0.0,0.0999999999999996,0.2000000000000001,0.3000000000000007,0.0
1996-01-01,-0.2999999999999998,-0.2000000000000001,-0.1,0.0,0.0999999999999996,0.2000000000000001,0.3000000000000007,-0.0999999999999996
1996-02-01,-0.2999999999999998,-0.2000000000000001,-0.1,0.0,0.0999999999999996,0.2000000000000001,0.3000000000000007,0.0
1996-03-01,-0.2999999999999998,-0.2000000000000001,-0.1,0.0,0.0999999999999996,0.2000000000000001,0.3000000000000007,0.0999999999999996
1996-04-01,-0.2999999999999998,-0.2000000000000001,-0.1,0.0,0.0999999999999996,0.2000000000000001,0.3000000000000007,0.0
1996-05-01,-0.2999999999999998,-0.2000000000000001,-0.1,0.0,0.0999999999999996,0.2000000000000001,0.3000000000000007,-0.2999999999999998
1996-06-01,-0.2999999999999998,-0.2000000000000001,-0.1,0.0,0.0999999999999996,0.2000000000000001,0.3000000000000007,0.2000000000000001
1996-07-01,-0.2999999999999998,-0.2000000000000001,-0.1,0.0,0.0999999999999996,0.2000000000000001,0.3000000000000007,-0.4000000000000003
1996-08-01,-0.2999999999999998,-0.2000000000000001,-0.1,0.0,0.0999999999999996,0.2000000000000001,0.3000000000000007,0.1000000000000005
1996-09-01,-0.2999999999999998,-0.2000000000000001,-0.1,0.0,0.0999999999999996,0.2000000000000001,0.3000000000000007,0.0
1996-10-01,-0.2999999999999998,-0.2000000000000001,-0.1,0.0,0.0999999999999996,0.2000000000000001,0.3000000000000007,0.2000000000000001
1996-11-01,-0.2999999999999998,-0.2000000000000001,-0.1,0.0,0.0999999999999996,0.2000000000000001,0.3000000000000007,0.0
1996-12-01,-0.2999999999999998,-0.2000000000000001,-0.1,0.0,0.0999999999999996,0.2000000000000001,0.3000000000000007,-0.1000000000000005
1997-01-01,-0.2999999999999998,-0.2000000000000001,-0.1,0.0,0.0999999999999996,0.2000000000000001,0.3000000000000007,-0.0999999999999996
1997-02-01,-0.2999999999999998,-0.2000000000000001,-0.1,0.0,0.0999999999999996,0.2000000000000001,0.3000000000000007,0.0
1997-03-01,-0.2999999999999998,-0.2000000000000001,-0.1,0.0,0.0999999999999996,0.2000000000000001,0.3000000000000007,-0.1000000000000005
1997-04-01,-0.2999999999999998,-0.2000000000000001,-0.1,0.0,0.0999999999999996,0.2000000000000001,0.3000000000000007,-0.1999999999999993
1997-05-01,-0.2999999999999998,-0.2000000000000001,-0.10000000000000038,0.0,0.0999999999999996,0.2000000000000001,0.3000000000000007,0.0999999999999996
1997-06-01,-0.2999999999999998,-0.2000000000000001,-0.10000000000000026,0.0,0.0999999999999996,0.2000000000000001,0.3000000000000007,-0.0999999999999996
1997-07-01,-0.2999999999999998,-0.2000000000000001,-0.10000000000000013,0.0,0.0999999999999996,0.2000000000000001,0.3000000000000007,-0.1000000000000005
1997-08-01,-0.2999999999999998,-0.2000000000000001,-0.1000000000000005,0.0,0.0999999999999996,0.2000000000000001,0.3000000000000007,0.1000000000000005
1997-09-01,-0.2999999999999998,-0.2000000000000001,-0.10000000000000038,0.0,0.0999999999999996,0.2000000000000001,0.3000000000000007,-0.2000000000000001
1997-10-01,-0.2999999999999998,-0.2000000000000001,-0.1000000000000005,0.0,0.0999999999999996,0.2000000000000001,0.30000000000000066,-0.1000000000000005
1997-11-01,-0.2999999999999998,-0.2000000000000001,-0.1000000000000005,0.0,0.0999999999999996,0.2000000000000001,0.30000000000000066,0.1000000000000005
1997-12-01,-0.2999999999999998,-0.2000000000000001,-0.1000000000000005,0.0,0.0999999999999996,0.2000000000000001,0.3000000000000006,-0.1000000000000005
1998-01-01,-0.2999999999999998,-0.2000000000000001,-0.1000000000000005,0.0,0.0999999999999996,0.2000000000000001,0.3000000000000006,0.0
1998-02-01,-0.2999999999999998,-0.2000000000000001,-0.1000000000000005,0.0,0.0999999999999996,0.2000000000000001,0.30000000000000054,0.1000000000000005
1998-03-01,-0.2999999999999998,-0.2000000000000001,-0.1000000000000005,0.0,0.0999999999999996,0.2000000000000001,0.30000000000000054,-0.4000000000000003
1998-04-01,-0.2999999999999998,-0.2000000000000001,-0.1000000000000005,0.0,0.0999999999999996,0.2000000000000001,0.3000000000000005,0.1000000000000005
1998-05-01,-0.2999999999999998,-0.2000000000000001,-0.1000000000000005,0.0,0.0999999999999996,0.2000000000000001,0.3000000000000005,0.0999999999999996
1998-06-01,-0.2999999999999998,-0.2000000000000001,-0.1000000000000005,0.0,0.0999999999999996,0.2000000000000001,0.3000000000000005,0.0
1998-07-01,-0.2999999999999998,-0.2000000000000001,-0.1000000000000005,0.0,0.0999999999999996,0.2000000000000001,0.30000000000000043,0.0
1998-08-01,-0.2999999999999998,-0.2000000000000001,-0.1000000000000005,0.0,0.0999999999999996,0.2000000000000001,0.30000000000000043,0.0999999999999996
1998-09-01,-0.2999999999999998,-0.2000000000000001,-0.1000000000000005,0.0,0.0999999999999996,0.2000000000000001,0.3000000000000004,-0.0999999999999996
1998-10-01,-0.2999999999999998,-0.2000000000000001,-0.1000000000000005,0.0,0.0999999999999996,0.2000000000000001,0.3000000000000004,-0.0999999999999996
1998-11-01,-0.2999999999999998,-0.2000000000000001,-0.1000000000000005,0.0,0.0999999999999996,0.2000000000000001,0.3000000000000003,0.0
1998-12-01,-0.2999999999999998,-0.2000000000000001,-0.1000000000000005,0.0,0.0999999999999996,0.2000000000000001,0.3000000000000003,-0.1000000000000005
1999-01-01,-0.2999999999999998,-0.2000000000000001,-0.1000000000000005,0.0,0.0999999999999996,0.2000000000000001,0.30000000000000027,0.1000000000000005
1999-02-01,-0.2999999999999998,-0.2000000000000001,-0.1000000000000005,0.0,0.0999999999999996,0.2000000000000001,0.30000000000000027,-0.2000000000000001
1999-03-01,-0.2999999999999998,-0.2000000000000001,-0.1000000000000005,0.0,0.0999999999999996,0.2000000000000001,0.3000000000000002,0.0999999999999996
1999-04-01,-0.2999999999999998,-0.2000000000000001,-0.1000000000000005,0.0,0.0999999999999996,0.2000000000000001,0.3000000000000002,-0.0999999999999996
1999-05-01,-0.2999999999999998,-0.2000000000000001,-0.1000000000000005,0.0,0.0999999999999996,0.2000000000000001,0.3000000000000002,0.0999999999999996
1999-06-01,-0.2999999999999998,-0.2000000000000001,-0.1000000000000005,0.0,0.0999999999999996,0.2000000000000001,0.30000000000000016,0.0
1999-07-01,-0.2999999999999998,-0.2000000000000001,-0.1000000000000005,0.0,0.0999999999999996,0.2000000000000001,0.30000000000000016,-0.0999999999999996
1999-08-01,-0.2999999999999998,-0.2000000000000001,-0.1000000000000005,0.0,0.0999999999999996,0.2000000000000001,0.30000000000000016,0.0
1999-09-01,-0.2999999999999998,-0.2000000000000001,-0.10000000000000038,0.0,0.0999999999999996,0.2000000000000001,0.3000000000000001,-0.1000000000000005
1999-10-01,-0.2999999999999998,-0.2000000000000001,-0.1000000000000005,0.0,0.0999999999999996,0.2000000000000001,0.3000000000000001,0.0
1999-11-01,-0.2999999999999998,-0.2000000000000001,-0.1000000000000005,0.0,0.0999999999999996,0.2000000000000001,0.3000000000000001,-0.0999999999999996
1999-12-01,-0.2999999999999998,-0.2000000000000001,-0.1000000000000005,0.0,0.0999999999999996,0.2000000000000001,0.30000000000000004,0.0
2000-01-01,-0.2999999999999998,-0.2000000000000001,-0.10000000000000038,0.0,0.0999999999999996,0.2000000000000001,0.30000000000000004,0.0999999999999996
2000-02-01,-0.2999999999999998,-0.2000000000000001,-0.10000000000000026,0.0,0.0999999999999996,0.2000000000000001,0.30000000000000004,-0.0999999999999996
2000-03-01,-0.2999999999999998,-0.2000000000000001,-0.10000000000000013,0.0,0.0999999999999996,0.2000000000000001,0.3,-0.2000000000000001
2000-04-01,-0.2999999999999998,-0.2000000000000001,-0.1000000000000005,0.0,0.0999999999999996,0.2000000000000001,0.3,0.2000000000000001
2000-05-01,-0.2999999999999998,-0.2000000000000001,-0.10000000000000038,0.0,0.0999999999999996,0.2000000000000001,0.29999999999999993,0.0
2000-06-01,-0.2999999999999998,-0.2000000000000001,-0.10000000000000026,0.0,0.0999999999999996,0.2000000000000001,0.29999999999999993,0.0
2000-07-01,-0.2999999999999998,-0.2000000000000001,-0.10000000000000013,0.0,0.0999999999999996,0.2000000000000001,0.29999999999999993,0.0999999999999996
2000-08-01,-0.2999999999999998,-0.2000000000000001,-0.1,0.0,0.0999999999999996,0.2000000000000001,0.2999999999999999,-0.1999999999999997
2000-09-01,-0.2999999999999998,-0.2000000000000001,-0.10000000000000038,0.0,0.0999999999999996,0.2000000000000001,0.2999999999999999,0.0
2000-10-01,-0.2999999999999998,-0.2000000000000001,-0.10000000000000026,0.0,0.0999999999999996,0.2000000000000001,0.2999999999999999,0.0
2000-11-01,-0.2999999999999998,-0.2000000000000001,-0.10000000000000013,0.0,0.0999999999999996,0.2000000000000001,0.2999999999999998,0.0
2000-12-01,-0.2999999999999998,-0.2000000000000001,-0.1,0.0,0.0999999999999996,0.2000000000000001,0.2999999999999998,0.3000000000000002
2001-01-01,-0.2999999999999998,-0.2000000000000001,-0.1,0.0,0.0999999999999996,0.2000000000000001,0.3000000000000002,0.0
2001-02-01,-0.2999999999999998,-0.2000000000000001,-0.1,0.0,0.0999999999999996,0.2000000000000001,0.30000000000000016,0.0999999999999996
2001-03-01,-0.2999999999999998,-0.2000000000000001,-0.1,0.0,0.0999999999999996,0.2000000000000001,0.30000000000000016,0.1000000000000005
2001-04-01,-0.2999999999999998,-0.2000000000000001,-0.1,0.0,0.0999999999999996,0.2000000000000001,0.30000000000000016,-0.1000000000000005
2001-05-01,-0.2999999999999998,-0.2000000000000001,-0.1,0.0,0.0999999999999996,0.2000000000000001,0.3000000000000001,0.2000000000000001
2001-06-01,-0.2999999999999998,-0.2000000000000001,-0.1,0.0,0.0999999999999996,0.2000000000000001,0.3000000000000001,0.0999999999999996
2001-07-01,-0.2999999999999998,-0.2000000000000001,-0.1,0.0,0.0999999999999996,0.2000000000000001,0.3000000000000001,0.3000000000000007
2001-08-01,-0.2999999999999998,-0.2000000000000001,-0.1,0.0,0.0999999999999996,0.2000000000000001,0.3000000000000002,0.0999999999999996
2001-09-01,-0.2999999999999998,-0.2000000000000001,-0.1,0.0,0.0999999999999996,0.2000000000000001,0.3000000000000002,0.2999999999999998
2001-10-01,-0.2999999999999998,-0.2000000000000001,-0.1,0.0,0.0999999999999996,0.2000000000000001,0.3000000000000002,0.2000000000000001
2001-11-01,-0.2999999999999998,-0.2000000000000001,-0.1,0.0,0.0999999999999996,0.2000000000000001,0.3000000000000002,0.2000000000000001
2001-12-01,-0.2999999999999998,-0.2000000000000001,-0.1,0.0,0.0999999999999996,0.2000000000000001,0.3000000000000002,0.0
2002-01-01,-0.2999999999999998,-0.2000000000000001,-0.1,0.0,0.0999999999999996,0.2000000000000001,0.3000000000000002,0.0
2002-02-01,-0.2999999999999998,-0.2000000000000001,-0.1,0.0,0.0999999999999996,0.2000000000000001,0.3000000000000002,0.0
2002-03-01,-0.2999999999999998,-0.2000000000000001,-0.1,0.0,0.0999999999999996,0.2000000000000001,0.3000000000000002,0.2000000000000001
2002-04-01,-0.2999999999999998,-0.2000000000000001,-0.1,0.0,0.0999999999999996,0.2000000000000001,0.3000000000000002,-0.1000000000000005
2002-05-01,-0.2999999999999998,-0.2000000000000001,-0.1,0.0,0.0999999999999996,0.2000000000000001,0.3000000000000002,0.0
2002-06-01,-0.2999999999999998,-0.2000000000000001,-0.1,0.0,0.0999999999999996,0.2000000000000001,0.3000000000000002,0.0
2002-07-01,-0.2999999999999998,-0.2000000000000001,-0.1,0.0,0.0999999999999996,0.2000000000000001,0.3000000000000002,-0.0999999999999996
2002-08-01,-0.2999999999999998,-0.2000000000000001,-0.1,0.0,0.0999999999999996,0.2000000000000001,0.3000000000000002,0.0
2002-09-01,-0.2999999999999998,-0.2000000000000001,-0.1,0.0,0.0999999999999996,0.2000000000000001,0.3000000000000002,0.0
2002-10-01,-0.2999999999999998,-0.2000000000000001,-0.1,0.0,0.0999999999999996,0.2000000000000001,0.30000000000000016,0.2000000000000001
2002-11-01,-0.2999999999999998,-0.2000000000000001,-0.1,0.0,0.0999999999999996,0.2000000000000001,0.30000000000000016,0.0999999999999996
2002-12-01,-0.2999999999999998,-0.2000000000000001,-0.1,0.0,0.0999999999999996,0.2000000000000001,0.30000000000000016,-0.2000000000000001
2003-01-01,-0.2999999999999998,-0.2000000000000001,-0.1,0.0,0.0999999999999996,0.2000000000000001,0.3000000000000001,0.1000000000000005
2003-02-01,-0.2999999999999998,-0.2000000000000001,-0.1,0.0,0.0999999999999996,0.2000000000000001,0.3000000000000001,0.0
2003-03-01,-0.2999999999999998,-0.2000000000000001,-0.1,0.0,0.0999999999999996,0.2000000000000001,0.3000000000000001,0.0999999999999996
2003-04-01,-0.2999999999999998,-0.2000000000000001,-0.1,0.0,0.0999999999999996,0.2000000000000001,0.30000000000000004,0.0999999999999996
2003-05-01,-0.2999999999999998,-0.2000000000000001,-0.1,0.0,0.0999999999999996,0.2000000000000001,0.30000000000000004,0.2000000000000001
2003-06-01,-0.2999999999999998,-0.2000000000000001,-0.1,0.0,0.0999999999999996,0.2000000000000001,0.30000000000000004,-0.0999999999999996
2003-07-01,-0.2999999999999998,-0.2000000000000001,-0.1,0.0,0.0999999999999996,0.2000000000000001,0.3,-0.1000000000000005
2003-08-01,-0.2999999999999998,-0.2000000000000001,-0.1,0.0,0.0999999999999996,0.2000000000000001,0.3,0.0
2003-09-01,-0.2999999999999998,-0.2000000000000001,-0.1,0.0,0.0999999999999996,0.2000000000000001,0.29999999999999993,-0.0999999999999996
2003-10-01,-0.2999999999999998,-0.2000000000000001,-0.1,0.0,0.0999999999999996,0.2000000000000001,0.29999999999999993,-0.2000000000000001
2003-11-01,-0.2999999999999998,-0.2000000000000001,-0.1,0.0,0.0999999999999996,0.2000000000000001,0.29999999999999993,-0.0999999999999996
2003-12-01,-0.2999999999999998,-0.2000000000000001,-0.1,0.0,0.0999999999999996,0.2000000000000001,0.2999999999999999,0.0
2004-01-01,-0.2999999999999998,-0.2000000000000001,-0.1,0.0,0.0999999999999996,0.2000000000000001,0.2999999999999999,-0.1000000000000005
2004-02-01,-0.2999999999999998,-0.2000000000000001,-0.1,0.0,0.0999999999999996,0.2000000000000001,0.2999999999999999,0.2000000000000001
2004-03-01,-0.2999999999999998,-0.2000000000000001,-0.1,0.0,0.0999999999999996,0.2000000000000001,0.2999999999999998,-0.2000000000000001
2004-04-01,-0.2999999999999998,-0.2000000000000001,-0.1,0.0,0.0999999999999996,0.2000000000000001,0.2999999999999998,0.0
2004-05-01,-0.2999999999999998,-0.2000000000000001,-0.1,0.0,0.0999999999999996,0.2000000000000001,0.2999999999999998,0.0
2004-06-01,-0.2999999999999998,-0.2000000000000001,-0.1,0.0,0.0999999999999996,0.2000000000000001,0.2999999999999998,-0.0999999999999996
2004-07-01,-0.2999999999999998,-0.2000000000000001,-0.1,0.0,0.0999999999999996,0.2000000000000001,0.2999999999999998,-0.0999999999999996
2004-08-01,-0.2999999999999998,-0.2000000000000001,-0.1,0.0,0.0999999999999996,0.2000000000000001,0.2999999999999998,0.0
2004-09-01,-0.2999999999999998,-0.2000000000000001,-0.1,0.0,0.0999999999999996,0.2000000000000001,0.2999999999999998,0.0999999999999996
2004-10-01,-0.2999999999999998,-0.2000000000000001,-0.1,0.0,0.0999999999999996,0.2000000000000001,0.2999999999999998,-0.0999999999999996
2004-11-01,-0.2999999999999998,-0.2000000000000001,-0.1,0.0,0.0999999999999996,0.2000000000000001,0.2999999999999998,0.0
2004-12-01,-0.2999999999999998,-0.2000000000000001,-0.1,0.0,0.0999999999999996,0.2000000000000001,0.2999999999999998,-0.1000000000000005
2005-01-01,-0.2999999999999998,-0.2000000000000001,-0.1,0.0,0.0999999999999996,0.2000000000000001,0.2999999999999998,0.1000000000000005
2005-02-01,-0.2999999999999998,-0.2000000000000001,-0.1,0.0,0.0999999999999996,0.2000000000000001,0.2999999999999998,-0.2000000000000001
2005-03-01,-0.2999999999999998,-0.2000000000000001,-0.1,0.0,0.0999999999999996,0.2000000000000001,0.2999999999999998,0.0
2005-04-01,-0.2999999999999998,-0.2000000000000001,-0.1,0.0,0.0999999999999996,0.2000000000000001,0.2999999999999998,-0.1000000000000005
2005-05-01,-0.2999999999999998,-0.2000000000000001,-0.1,0.0,0.0999999999999996,0.2000000000000001,0.2999999999999998,-0.0999999999999996
2005-06-01,-0.2999999999999998,-0.2000000000000001,-0.1,0.0,0.0999999999999996,0.2000000000000001,0.2999999999999998,0.0
2005-07-01,-0.2999999999999998,-0.2000000000000001,-0.1,0.0,0.0999999999999996,0.2000000000000001,0.2999999999999998,-0.0999999999999996
2005-08-01,-0.2999999999999998,-0.2000000000000001,-0.1,0.0,0.0999999999999996,0.2000000000000001,0.2999999999999998,0.0999999999999996
2005-09-01,-0.2999999999999998,-0.2000000000000001,-0.1,0.0,0.0999999999999996,0.2000000000000001,0.2999999999999998,0.0
2005-10-01,-0.2999999999999998,-0.2000000000000001,-0.1,0.0,0.0999999999999996,0.2000000000000001,0.2999999999999998,0.0
2005-11-01,-0.2999999999999998,-0.2000000000000001,-0.1,0.0,0.0999999999999996,0.2000000000000001,0.2999999999999998,-0.0999999999999996
2005-12-01,-0.2999999999999998,-0.2000000000000001,-0.1,0.0,0.0999999999999996,0.2000000000000001,0.2999999999999998,-0.2000000000000001
2006-01-01,-0.2999999999999998,-0.2000000000000001,-0.1,0.0,0.0999999999999996,0.2000000000000001,0.2999999999999998,0.0999999999999996
2006-02-01,-0.2999999999999998,-0.2000000000000001,-0.1,0.0,0.0999999999999996,0.2000000000000001,0.2999999999999998,-0.0999999999999996
2006-03-01,-0.2999999999999998,-0.2000000000000001,-0.1,0.0,0.0999999999999996,0.2000000000000001,0.2999999999999998,0.0
2006-04-01,-0.2999999999999998,-0.2000000000000001,-0.1,0.0,0.0999999999999996,0.2000000000000001,0.2999999999999998,-0.1000000000000005
2006-05-01,-0.2999999999999998,-0.2000000000000001,-0.1,0.0,0.0999999999999996,0.2000000000000001,0.2999999999999998,0.0
2006-06-01,-0.2999999999999998,-0.2000000000000001,-0.1,0.0,0.0999999999999996,0.2000000000000001,0.2999999999999998,0.1000000000000005
2006-07-01,-0.2999999999999998,-0.2000000000000001,-0.1,0.0,0.0999999999999996,0.2000000000000001,0.2999999999999998,0.0
2006-08-01,-0.2999999999999998,-0.2000000000000001,-0.1,0.0,0.0999999999999996,0.2000000000000001,0.2999999999999998,-0.2000000000000001
2006-09-01,-0.2999999999999998,-0.2000000000000001,-0.1,0.0,0.0999999999999996,0.2000000000000001,0.2999999999999998,-0.0999999999999996
2006-10-01,-0.2999999999999998,-0.2000000000000001,-0.1,0.0,0.0999999999999996,0.2000000000000001,0.2999999999999998,0.0999999999999996
2006-11-01,-0.2999999999999998,-0.2000000000000001,-0.1,0.0,0.0999999999999996,0.2000000000000001,0.2999999999999998,-0.0999999999999996
2006-12-01,-0.2999999999999998,-0.2000000000000001,-0.1,0.0,0.0999999999999996,0.2000000000000001,0.2999999999999998,0.1999999999999993
2007-01-01,-0.2999999999999998,-0.2000000000000001,-0.1,0.0,0.0999999999999996,0.2000000000000001,0.2999999999999998,-0.0999999999999996
2007-02-01,-0.2999999999999998,-0.2000000000000001,-0.1,0.0,0.0999999999999996,0.2000000000000001,0.2999999999999998,-0.0999999999999996
2007-03-01,-0.2999999999999998,-0.2000000000000001,-0.1,0.0,0.0999999999999996,0.2000000000000001,0.2999999999999998,0.0999999999999996
2007-04-01,-0.2999999999999998,-0.2000000000000001,-0.1,0.0,0.0999999999999996,0.2000000000000001,0.2999999999999998,-0.0999999999999996
2007-05-01,-0.2999999999999998,-0.2000000000000001,-0.09999999999999991,0.0,0.0999999999999996,0.2000000000000001,0.2999999999999998,0.1999999999999993
2007-06-01,-0.2999999999999998,-0.2000000000000001,-0.09999999999999981,0.0,0.0999999999999996,0.2000000000000001,0.2999999999999998,0.1000000000000005
2007-07-01,-0.2999999999999998,-0.2000000000000001,-0.0999999999999997,0.0,0.0999999999999996,0.2000000000000001,0.2999999999999998,-0.1000000000000005
2007-08-01,-0.2999999999999998,-0.2000000000000001,-0.1,0.0,0.0999999999999996,0.2000000000000001,0.2999999999999998,0.1000000000000005
2007-09-01,-0.2999999999999998,-0.2000000000000001,-0.09999999999999991,0.0,0.0999999999999996,0.2000000000000001,0.2999999999999998,0.0
2007-10-01,-0.2999999999999998,-0.2000000000000001,-0.09999999999999981,0.0,0.0999999999999996,0.2000000000000001,0.2999999999999998,0.0
2007-11-01,-0.2999999999999998,-0.2000000000000001,-0.0999999999999997,0.0,0.0999999999999996,0.2000000000000001,0.2999999999999998,0.2999999999999998
2007-12-01,-0.2999999999999998,-0.2000000000000001,-0.0999999999999996,0.0,0.0999999999999996,0.2000000000000001,0.2999999999999998,0.0
2008-01-01,-0.2999999999999998,-0.2000000000000001,-0.0999999999999996,0.0,0.0999999999999996,0.2000000000000001,0.2999999999999998,-0.0999999999999996
2008-02-01,-0.2999999999999998,-0.2000000000000001,-0.0999999999999996,0.0,0.0999999999999996,0.2000000000000001,0.2999999999999998,0.1999999999999993
2008-03-01,-0.2999999999999998,-0.2000000000000001,-0.0999999999999996,0.0,0.0999999999999996,0.2000000000000001,0.2999999999999998,-0.0999999999999996
2008-04-01,-0.2999999999999998,-0.2000000000000001,-0.0999999999999996,0.0,0.0999999999999996,0.2000000000000001,0.2999999999999998,0.4000000000000003
2008-05-01,-0.2999999999999998,-0.2000000000000001,-0.0999999999999996,0.0,0.0999999999999996,0.2000000000000001,0.2999999999999998,0.1999999999999993
2008-06-01,-0.2999999999999998,-0.2000000000000001,-0.0999999999999996,0.0,0.0999999999999996,0.2000000000000001,0.2999999999999998,0.2000000000000001
2008-07-01,-0.2999999999999998,-0.2000000000000001,-0.0999999999999996,0.0,0.0999999999999996,0.2000000000000001,0.2999999999999998,0.2999999999999998
2008-08-01,-0.2999999999999998,-0.2000000000000001,-0.0999999999999996,0.0,0.0999999999999996,0.2000000000000001,0.2999999999999998,0.0
2008-09-01,-0.2999999999999998,-0.2000000000000001,-0.0999999999999996,0.0,0.0999999999999996,0.2000000000000001,0.2999999999999998,0.4000000000000003
2008-10-01,-0.2999999999999998,-0.2000000000000001,-0.0999999999999996,0.0,0.0999999999999996,0.2000000000000001,0.2999999999999998,0.2999999999999998
2008-11-01,-0.2999999999999998,-0.2000000000000001,-0.0999999999999996,0.0,0.0999999999999996,0.2000000000000001,0.2999999999999998,0.5
2008-12-01,-0.2999999999999998,-0.2000000000000001,-0.0999999999999996,0.0,0.0999999999999996,0.2000000000000001,0.2999999999999999,0.5
2009-01-01,-0.2999999999999998,-0.2000000000000001,-0.0999999999999996,0.0,0.0999999999999996,0.2000000000000001,0.3000000000000002,0.5000000000000009
2009-02-01,-0.2999999999999998,-0.2000000000000001,-0.0999999999999996,0.0,0.0999999999999996,0.2000000000000001,0.30000000000000027,0.3999999999999986
2009-03-01,-0.2999999999999998,-0.2000000000000001,-0.0999999999999996,0.0,0.0999999999999996,0.2000000000000001,0.3000000000000007,0.3000000000000007
2009-04-01,-0.2999999999999998,-0.2000000000000001,-0.0999999999999996,0.0,0.0999999999999996,0.2000000000000001,0.3000000000000007,0.4000000000000003
2009-05-01,-0.2999999999999998,-0.2000000000000001,-0.0999999999999996,0.0,0.0999999999999996,0.2000000000000001,0.3000000000000007,0.0999999999999996
2009-06-01,-0.2999999999999998,-0.2000000000000001,-0.0999999999999996,0.0,0.0999999999999996,0.2000000000000001,0.3000000000000007,0.0
2009-07-01,-0.2999999999999998,-0.2000000000000001,-0.0999999999999996,0.0,0.0999999999999996,0.2000000000000001,0.3000000000000007,0.0999999999999996
2009-08-01,-0.2999999999999998,-0.2000000000000001,-0.0999999999999996,0.0,0.0999999999999996,0.2000000000000001,0.3000000000000007,0.200000000000001
2009-09-01,-0.2999999999999998,-0.2000000000000001,-0.0999999999999996,0.0,0.0999999999999996,0.2000000000000001,0.3000000000000007,0.1999999999999993
2009-10-01,-0.2999999999999998,-0.2000000000000001,-0.0999999999999996,0.0,0.0999999999999996,0.2000000000000001,0.3000000000000007,-0.0999999999999996
2009-11-01,-0.2999999999999998,-0.2000000000000001,-0.0999999999999996,0.0,0.0999999999999996,0.2000000000000001,0.3000000000000007,0.0
2009-12-01,-0.2999999999999998,-0.2000000000000001,-0.0999999999999996,0.0,0.0999999999999996,0.2000000000000001,0.3000000000000007,-0.0999999999999996
2010-01-01,-0.2999999999999998,-0.2000000000000001,-0.0999999999999996,0.0,0.0999999999999996,0.2000000000000001,0.3000000000000007,0.0
2010-02-01,-0.2999999999999998,-0.2000000000000001,-0.0999999999999996,0.0,0.0999999999999996,0.2000000000000001,0.3000000000000007,0.0999999999999996
2010-03-01,-0.2999999999999998,-0.2000000000000001,-0.0999999999999996,0.0,0.0999999999999996,0.2000000000000001,0.3000000000000007,0.0
2010-04-01,-0.2999999999999998,-0.2000000000000001,-0.0999999999999996,0.0,0.0999999999999996,0.2000000000000001,0.3000000000000007,-0.3000000000000007
2010-05-01,-0.2999999999999998,-0.2000000000000001,-0.0999999999999996,0.0,0.0999999999999996,0.2000000000000001,0.3000000000000007,-0.1999999999999993
2010-06-01,-0.2999999999999998,-0.2000000000000001,-0.0999999999999996,0.0,0.0999999999999996,0.2000000000000001,0.3000000000000007,0.0
2010-07-01,-0.2999999999999998,-0.2000000000000001,-0.0999999999999996,0.0,0.0999999999999996,0.2000000000000001,0.3000000000000007,0.0999999999999996
2010-08-01,-0.2999999999999998,-0.2000000000000001,-0.0999999999999996,0.0,0.0999999999999996,0.2000000000000001,0.3000000000000007,0.0
2010-09-01,-0.2999999999999998,-0.2000000000000001,-0.0999999999999996,0.0,0.0999999999999996,0.2000000000000001,0.3000000000000007,-0.0999999999999996
2010-10-01,-0.2999999999999998,-0.2000000000000001,-0.0999999999999996,0.0,0.0999999999999996,0.2000000000000001,0.3000000000000007,0.4000000000000003
2010-11-01,-0.2999999999999998,-0.2000000000000001,-0.0999999999999996,0.0,0.0999999999999996,0.2000000000000001,0.3000000000000007,-0.5
2010-12-01,-0.2999999999999998,-0.2000000000000001,-0.0999999999999996,0.0,0.0999999999999996,0.2000000000000001,0.3000000000000007,-0.200000000000001
2011-01-01,-0.2999999999999998,-0.2000000000000001,-0.0999999999999996,0.0,0.0999999999999996,0.2000000000000001,0.3000000000000007,-0.0999999999999996
2011-02-01,-0.2999999999999998,-0.2000000000000001,-0.0999999999999996,0.0,0.0999999999999996,0.2000000000000001,0.3000000000000007,0.0
2011-03-01,-0.2999999999999998,-0.2000000000000001,-0.0999999999999996,0.0,0.0999999999999996,0.2000000000000001,0.3000000000000007,0.0999999999999996
2011-04-01,-0.2999999999999998,-0.2000000000000001,-0.0999999999999996,0.0,0.0999999999999996,0.2000000000000001,0.3000000000000007,-0.0999999999999996
2011-05-01,-0.2999999999999998,-0.2000000000000001,-0.0999999999999996,0.0,0.0999999999999996,0.2000000000000001,0.3000000000000007,0.0999999999999996
2011-06-01,-0.2999999999999998,-0.2000000000000001,-0.0999999999999996,0.0,0.0999999999999996,0.2000000000000001,0.3000000000000007,-0.0999999999999996
2011-07-01,-0.2999999999999998,-0.2000000000000001,-0.0999999999999996,0.0,0.0999999999999996,0.2000000000000001,0.3000000000000007,0.0
2011-08-01,-0.2999999999999998,-0.2000000000000001,-0.0999999999999996,0.0,0.0999999999999996,0.2000000000000001,0.3000000000000007,0.0
2011-09-01,-0.2999999999999998,-0.2000000000000001,-0.0999999999999996,0.0,0.0999999999999996,0.2000000000000001,0.3000000000000007,-0.1999999999999993
2011-10-01,-0.2999999999999998,-0.2000000000000001,-0.0999999999999996,0.0,0.0999999999999996,0.2000000000000001,0.3000000000000007,-0.200000000000001
2011-11-01,-0.2999999999999998,-0.2000000000000001,-0.0999999999999996,0.0,0.0999999999999996,0.2000000000000001,0.3000000000000007,-0.0999999999999996
2011-12-01,-0.2999999999999998,-0.2000000000000001,-0.0999999999999996,0.0,0.0999999999999996,0.2000000000000001,0.3000000000000007,-0.1999999999999993
2012-01-01,-0.2999999999999998,-0.2000000000000001,-0.0999999999999996,0.0,0.0999999999999996,0.2000000000000001,0.3000000000000007,0.0
2012-02-01,-0.2999999999999998,-0.2000000000000001,-0.0999999999999996,0.0,0.0999999999999996,0.2000000000000001,0.3000000000000007,-0.1000000000000014
2012-03-01,-0.2999999999999998,-0.2000000000000001,-0.0999999999999996,0.0,0.0999999999999996,0.2000000000000001,0.3000000000000007,0.0
2012-04-01,-0.2999999999999998,-0.2000000000000001,-0.0999999999999996,0.0,0.0999999999999996,0.2000000000000001,0.3000000000000007,0.0
2012-05-01,-0.2999999999999998,-0.2000000000000001,-0.0999999999999996,0.0,0.0999999999999996,0.2000000000000001,0.3000000000000007,0.0
2012-06-01,-0.2999999999999998,-0.2000000000000001,-0.0999999999999996,0.0,0.0999999999999996,0.2000000000000001,0.3000000000000007,0.0
2012-07-01,-0.2999999999999998,-0.2000000000000001,-0.0999999999999996,0.0,0.0999999999999996,0.2000000000000001,0.3000000000000007,-0.0999999999999996
2012-08-01,-0.2999999999999998,-0.2000000000000001,-0.0999999999999996,0.0,0.0999999999999996,0.2000000000000001,0.3000000000000007,-0.2999999999999998
2012-09-01,-0.2999999999999998,-0.2000000000000001,-0.0999999999999996,0.0,0.0999999999999996,0.2000000000000001,0.3000000000000007,0.0
2012-10-01,-0.2999999999999998,-0.2000000000000001,-0.0999999999999996,0.0,0.0999999999999996,0.2000000000000001,0.3000000000000007,-0.0999999999999996
2012-11-01,-0.2999999999999998,-0.2000000000000001,-0.0999999999999996,0.0,0.0999999999999996,0.2000000000000001,0.3000000000000007,0.2000000000000001
2012-12-01,-0.2999999999999998,-0.2000000000000001,-0.0999999999999996,0.0,0.0999999999999996,0.2000000000000001,0.3000000000000007,0.0999999999999996
2013-01-01,-0.2999999999999998,-0.2000000000000001,-0.0999999999999996,0.0,0.0999999999999996,0.2000000000000001,0.3000000000000007,-0.2999999999999998
2013-02-01,-0.2999999999999998,-0.2000000000000001,-0.0999999999999996,0.0,0.0999999999999996,0.2000000000000001,0.3000000000000007,-0.2000000000000001
2013-03-01,-0.2999999999999998,-0.2000000000000001,-0.0999999999999996,0.0,0.0999999999999996,0.2000000000000001,0.3000000000000007,0.0999999999999996
2013-04-01,-0.2999999999999998,-0.2000000000000001,-0.0999999999999996,0.0,0.0999999999999996,0.2000000000000001,0.3000000000000007,-0.0999999999999996
2013-05-01,-0.2999999999999998,-0.2000000000000001,-0.0999999999999996,0.0,0.0999999999999996,0.2000000000000001,0.3000000000000007,0.0
2013-06-01,-0.2999999999999998,-0.2000000000000001,-0.0999999999999996,0.0,0.0999999999999996,0.2000000000000001,0.3000000000000007,-0.2000000000000001
2013-07-01,-0.2999999999999998,-0.2000000000000001,-0.0999999999999996,0.0,0.0999999999999996,0.2000000000000001,0.3000000000000007,-0.0999999999999996
2013-08-01,-0.2999999999999998,-0.2000000000000001,-0.0999999999999996,0.0,0.0999999999999996,0.2000000000000001,0.3000000000000007,0.0
2013-09-01,-0.2999999999999998,-0.2000000000000001,-0.0999999999999996,0.0,0.0999999999999996,0.2000000000000001,0.3000000000000007,0.0
2013-10-01,-0.2999999999999998,-0.2000000000000001,-0.0999999999999996,0.0,0.0999999999999996,0.2000000000000001,0.3000000000000007,-0.2999999999999998
2013-11-01,-0.2999999999999998,-0.2000000000000001,-0.0999999999999996,0.0,0.0999999999999996,0.2000000000000001,0.3000000000000007,-0.2000000000000001
2013-12-01,-0.2999999999999998,-0.2000000000000001,-0.0999999999999996,0.0,0.0999999999999996,0.2000000000000001,0.3000000000000007,-0.1000000000000005
2014-01-01,-0.2999999999999998,-0.2000000000000001,-0.0999999999999996,0.0,0.0999999999999996,0.2000000000000001,0.3000000000000007,0.1000000000000005
2014-02-01,-0.2999999999999998,-0.2000000000000001,-0.0999999999999996,0.0,0.0999999999999996,0.2000000000000001,0.3000000000000007,0.0
2014-03-01,-0.2999999999999998,-0.2000000000000001,-0.0999999999999996,0.0,0.0999999999999996,0.2000000000000001,0.3000000000000007,-0.5
2014-04-01,-0.2999999999999998,-0.2000000000000001,-0.0999999999999996,0.0,0.0999999999999996,0.2000000000000001,0.3000000000000007,0.0999999999999996
2014-05-01,-0.2999999999999998,-0.2000000000000001,-0.0999999999999996,0.0,0.0999999999999996,0.2000000000000001,0.3000000000000007,-0.2000000000000001
2014-06-01,-0.2999999999999998,-0.2000000000000001,-0.0999999999999996,0.0,0.0999999999999996,0.2000000000000001,0.30000000000000066,0.1000000000000005
2014-07-01,-0.2999999999999998,-0.2000000000000001,-0.0999999999999996,0.0,0.0999999999999996,0.2000000000000001,0.30000000000000066,-0.1000000000000005
2014-08-01,-0.2999999999999998,-0.2000000000000001,-0.0999999999999996,0.0,0.0999999999999996,0.2000000000000001,0.3000000000000006,-0.1999999999999993
2014-09-01,-0.2999999999999998,-0.2000000000000001,-0.0999999999999996,0.0,0.0999999999999996,0.2000000000000001,0.3000000000000006,-0.2000000000000001
2014-10-01,-0.2999999999999998,-0.2000000000000001,-0.0999999999999996,0.0,0.0999999999999996,0.2000000000000001,0.30000000000000054,0.0999999999999996
2014-11-01,-0.2999999999999998,-0.2000000000000001,-0.0999999999999996,0.0,0.0999999999999996,0.2000000000000001,0.30000000000000054,-0.2000000000000001
2014-12-01,-0.2999999999999998,-0.2000000000000001,-0.0999999999999996,0.0,0.0999999999999996,0.2000000000000001,0.3000000000000005,0.1000000000000005
2015-01-01,-0.2999999999999998,-0.2000000000000001,-0.0999999999999996,0.0,0.0999999999999996,0.2000000000000001,0.3000000000000005,-0.2000000000000001
2015-02-01,-0.2999999999999998,-0.2000000000000001,-0.09999999999999981,0.0,0.0999999999999996,0.2000000000000001,0.3000000000000005,-0.0999999999999996
2015-03-01,-0.2999999999999998,-0.2000000000000001,-0.0999999999999997,0.0,0.0999999999999996,0.2000000000000001,0.30000000000000043,0.0
2015-04-01,-0.2999999999999998,-0.2000000000000001,-0.0999999999999996,0.0,0.0999999999999996,0.2000000000000001,0.30000000000000043,0.1999999999999993
2015-05-01,-0.2999999999999998,-0.2000000000000001,-0.0999999999999996,0.0,0.0999999999999996,0.2000000000000001,0.3000000000000004,-0.2999999999999998
2015-06-01,-0.2999999999999998,-0.2000000000000001,-0.09999999999999981,0.0,0.0999999999999996,0.2000000000000001,0.3000000000000004,-0.0999999999999996
2015-07-01,-0.2999999999999998,-0.2000000000000001,-0.0999999999999997,0.0,0.0999999999999996,0.2000000000000001,0.3000000000000003,-0.1000000000000005
2015-08-01,-0.2999999999999998,-0.2000000000000001,-0.1,0.0,0.0999999999999996,0.2000000000000001,0.3000000000000003,-0.0999999999999996
2015-09-01,-0.2999999999999998,-0.2000000000000001,-0.09999999999999991,0.0,0.0999999999999996,0.2000000000000001,0.30000000000000027,0.0
2015-10-01,-0.2999999999999998,-0.2000000000000001,-0.09999999999999981,0.0,0.0999999999999996,0.2000000000000001,0.30000000000000027,0.0999999999999996
2015-11-01,-0.2999999999999998,-0.2000000000000001,-0.0999999999999997,0.0,0.0999999999999996,0.2000000000000001,0.3000000000000002,-0.0999999999999996
2015-12-01,-0.2999999999999998,-0.2000000000000001,-0.0999999999999996,0.0,0.0999999999999996,0.2000000000000001,0.3000000000000002,-0.2000000000000001
2016-01-01,-0.2999999999999998,-0.2000000000000001,-0.09999999999999991,0.0,0.0999999999999996,0.2000000000000001,0.3000000000000002,0.1000000000000005
2016-02-01,-0.2999999999999998,-0.2000000000000001,-0.09999999999999981,0.0,0.0999999999999996,0.2000000000000001,0.3000000000000002,0.0999999999999996
2016-03-01,-0.2999999999999998,-0.2000000000000001,-0.0999999999999997,0.0,0.0999999999999996,0.2000000000000001,0.3000000000000002,0.0999999999999996
2016-04-01,-0.2999999999999998,-0.2000000000000001,-0.0999999999999996,0.0,0.0999999999999996,0.2000000000000001,0.3000000000000002,-0.2999999999999998
2016-05-01,-0.2999999999999998,-0.2000000000000001,-0.09999999999999991,0.0,0.0999999999999996,0.2000000000000001,0.3000000000000002,0.1000000000000005
2016-06-01,-0.2999999999999998,-0.2000000000000001,-0.09999999999999981,0.0,0.0999999999999996,0.2000000000000001,0.3000000000000002,-0.1000000000000005
2016-07-01,-0.2999999999999998,-0.2000000000000001,-0.1,0.0,0.0999999999999996,0.2000000000000001,0.3000000000000002,0.1000000000000005
2016-08-01,-0.2999999999999998,-0.2000000000000001,-0.1,0.0,0.0999999999999996,0.2000000000000001,0.3000000000000002,0.0999999999999996
2016-09-01,-0.2999999999999998,-0.2000000000000001,-0.09999999999999991,0.0,0.0999999999999996,0.2000000000000001,0.3000000000000002,-0.0999999999999996
2016-10-01,-0.2999999999999998,-0.2000000000000001,-0.09999999999999981,0.0,0.0999999999999996,0.2000000000000001,0.3000000000000002,-0.2000000000000001
2016-11-01,-0.2999999999999998,-0.2000000000000001,-0.1,0.0,0.0999999999999996,0.2000000000000001,0.3000000000000002,0.0
2016-12-01,-0.2999999999999998,-0.2000000000000001,-0.1,0.0,0.0999999999999996,0.2000000000000001,0.3000000000000002,0.0
2017-01-01,-0.2999999999999998,-0.2000000000000001,-0.09999999999999991,0.0,0.0999999999999996,0.2000000000000001,0.3000000000000002,-0.1000000000000005
2017-02-01,-0.2999999999999998,-0.2000000000000001,-0.1,0.0,0.0999999999999996,0.2000000000000001,0.3000000000000002,-0.1999999999999993
2017-03-01,-0.2999999999999998,-0.2000000000000001,-0.1,0.0,0.0999999999999996,0.2000000000000001,0.3000000000000002,0.0
2017-04-01,-0.2999999999999998,-0.2000000000000001,-0.1,0.0,0.0999999999999996,0.2000000000000001,0.3000000000000002,0.0
2017-05-01,-0.2999999999999998,-0.2000000000000001,-0.1,0.0,0.0999999999999996,0.2000000000000001,0.3000000000000002,-0.1000000000000005
2017-06-01,-0.2999999999999998,-0.2000000000000001,-0.1,0.0,0.0999999999999996,0.2000000000000001,0.3000000000000002,0.0
2017-07-01,-0.2999999999999998,-0.2000000000000001,-0.1,0.0,0.0999999999999996,0.2000000000000001,0.3000000000000002,0.1000000000000005
2017-08-01,-0.2999999999999998,-0.2000000000000001,-0.1,0.0,0.0999999999999996,0.2000000000000001,0.3000000000000002,-0.1000000000000005
2017-09-01,-0.2999999999999998,-0.2000000000000001,-0.1,0.0,0.0999999999999996,0.2000000000000001,0.3000000000000002,-0.0999999999999996
2017-10-01,-0.2999999999999998,-0.2000000000000001,-0.1,0.0,0.0999999999999996,0.2000000000000001,0.30000000000000016,0.0
2017-11-01,-0.2999999999999998,-0.2000000000000001,-0.1,0.0,0.0999999999999996,0.2000000000000001,0.30000000000000016,-0.1000000000000005
2017-12-01,-0.2999999999999998,-0.2000000000000001,-0.1,0.0,0.0999999999999996,0.2000000000000001,0.30000000000000016,-0.0999999999999996
2018-01-01,-0.2999999999999998,-0.2000000000000001,-0.1,0.0,0.0999999999999996,0.2000000000000001,0.3000000000000001,0.0999999999999996
2018-02-01,-0.2999999999999998,-0.2000000000000001,-0.1,0.0,0.0999999999999996,0.2000000000000001,0.3000000000000001,-0.0999999999999996
2018-03-01,-0.2999999999999998,-0.2000000000000001,-0.1,0.0,0.0999999999999996,0.2000000000000001,0.3000000000000001,0.0
2018-04-01,-0.2999999999999998,-0.2000000000000001,-0.1,0.0,0.0999999999999996,0.2000000000000001,0.30000000000000004,-0.2000000000000001
2018-05-01,-0.2999999999999998,-0.2000000000000001,-0.1,0.0,0.0999999999999996,0.2000000000000001,0.30000000000000004,0.2000000000000001
2018-06-01,-0.2999999999999998,-0.2000000000000001,-0.1,0.0,0.0999999999999996,0.2000000000000001,0.30000000000000004,-0.2000000000000001
2018-07-01,-0.2999999999999998,-0.2000000000000001,-0.1,0.0,0.0999999999999996,0.2000000000000001,0.3,0.0
2018-08-01,-0.2999999999999998,-0.2000000000000001,-0.1,0.0,0.0999999999999996,0.2000000000000001,0.3,-0.0999999999999996
2018-09-01,-0.2999999999999998,-0.2000000000000001,-0.1,0.0,0.0999999999999996,0.2000000000000001,0.29999999999999993,0.0999999999999996
2018-10-01,-0.2999999999999998,-0.2000000000000001,-0.1,0.0,0.0999999999999996,0.2000000000000001,0.29999999999999993,0.0
2018-11-01,-0.2999999999999998,-0.2000000000000001,-0.1,0.0,0.0999999999999996,0.2000000000000001,0.29999999999999993,0.1
2018-12-01,-0.2999999999999998,-0.2000000000000001,-0.1,0.0,0.0999999999999996,0.2000000000000001,0.2999999999999999,0.1
2019-01-01,-0.2999999999999998,-0.2000000000000001,-0.1,0.0,0.0999999999999996,0.2000000000000001,0.2999999999999999,-0.2000000000000001
2019-02-01,-0.2999999999999998,-0.2000000000000001,-0.1,0.0,0.0999999999999996,0.2000000000000001,0.2999999999999999,0.0
2019-03-01,-0.2999999999999998,-0.2000000000000001,-0.1,0.0,0.0999999999999996,0.2000000000000001,0.2999999999999998,-0.0999999999999996
2019-04-01,-0.2999999999999998,-0.2000000000000001,-0.1,0.0,0.0999999999999996,0.2000000000000001,0.2999999999999998,-0.1
2019-05-01,-0.2999999999999998,-0.2000000000000001,-0.1,0.0,0.0999999999999996,0.2000000000000001,0.2999999999999998,0.0
2019-06-01,-0.2999999999999998,-0.2000000000000001,-0.1,0.0,0.0999999999999996,0.2000000000000001,0.2999999999999998,0.1
2019-07-01,-0.2999999999999998,-0.2000000000000001,-0.1,0.0,0.0999999999999996,0.2000000000000001,0.2999999999999998,-0.1
2019-08-01,-0.2999999999999998,-0.2000000000000001,-0.1,0.0,0.0999999999999996,0.2000000000000001,0.2999999999999998,-0.1
2019-09-01,-0.2999999999999998,-0.2000000000000001,-0.1,0.0,0.0999999999999996,0.2000000000000001,0.2999999999999998,0.1
2019-10-01,-0.2999999999999998,-0.2000000000000001,-0.1,0.0,0.0999999999999996,0.2000000000000001,0.2999999999999998,0.0
2019-11-01,-0.2999999999999998,-0.2000000000000001,-0.1,0.0,0.0999999999999996,0.2000000000000001,0.2999999999999998,0.0
2019-12-01,-0.2999999999999998,-0.2000000000000001,-0.1,0.0,0.0999999999999996,0.2000000000000001,0.2999999999999998,0.0
2020-01-01,-0.2999999999999998,-0.2000000000000001,-0.1,0.0,0.0999999999999996,0.2000000000000001,0.2999999999999998,-0.1
2020-02-01,-0.2999999999999998,-0.2000000000000001,-0.1,0.0,0.0999999999999996,0.2000000000000001,0.2999999999999998,0.9000000000000004
2020-03-01,-0.2999999999999998,-0.2000000000000001,-0.1,0.0,0.0999999999999996,0.2000000000000001,0.3,10.4
2020-04-01,-0.2999999999999998,-0.2000000000000001,-0.1,0.0,0.0999999999999996,0.2000000000000001,0.3000000000000002,-1.6000000000000014
2020-05-01,-0.2999999999999998,-0.2000000000000001,-0.1,0.0,0.0999999999999996,0.2000000000000001,0.3000000000000002,-2.1999999999999993
2020-06-01,-0.2999999999999998,-0.2000000000000001,-0.1,0.0,0.0999999999999996,0.2000000000000001,0.3000000000000002,-0.8000000000000007
2020-07-01,-0.2999999999999998,-0.2000000000000001,-0.1,0.0,0.0999999999999996,0.2000000000000001,0.3000000000000002,-1.799999999999999
2020-08-01,-0.2999999999999998,-0.2000000000000001,-0.1,0.0,0.0999999999999996,0.2000000000000001,0.3000000000000002,-0.6000000000000005
2020-09-01,-0.2999999999999998,-0.2000000000000001,-0.1,0.0,0.0999999999999996,0.2000000000000001,0.3000000000000002,-0.8999999999999995
2020-10-01,-0.2999999999999998,-0.2000000000000001,-0.1,0.0,0.0999999999999996,0.2000000000000001,0.3000000000000002,-0.2000000000000001
2020-11-01,-0.2999999999999998,-0.2000000000000001,-0.1,0.0,0.0999999999999996,0.2000000000000001,0.3000000000000002,0.0
2020-12-01,-0.2999999999999998,-0.2000000000000001,-0.1,0.0,0.0999999999999996,0.2000000000000001,0.3000000000000002,-0.2999999999999998
2021-01-01,-0.2999999999999998,-0.2000000000000001,-0.1,0.0,0.0999999999999996,0.2000000000000001,0.3000000000000002,-0.2000000000000001
2021-02-01,-0.2999999999999998,-0.2000000000000001,-0.1,0.0,0.0999999999999996,0.2000000000000001,0.30000000000000016,-0.1000000000000005
2021-03-01,-0.2999999999999998,-0.2000000000000001,-0.1,0.0,0.0999999999999996,0.2000000000000001,0.30000000000000016,0.0
2021-04-01,-0.2999999999999998,-0.2000000000000001,-0.1,0.0,0.0999999999999996,0.2000000000000001,0.30000000000000016,-0.2999999999999998
2021-05-01,-0.2999999999999998,-0.2000000000000001,-0.1,0.0,0.0999999999999996,0.2000000000000001,0.3000000000000001,0.1000000000000005
2021-06-01,-0.2999999999999998,-0.2000000000000001,-0.1,0.0,0.0999999999999996,0.2000000000000001,0.3000000000000001,-0.5
2021-07-01,-0.2999999999999998,-0.2000000000000001,-0.10000000000000013,0.0,0.0999999999999996,0.2000000000000001,0.3000000000000001,-0.3000000000000007
2021-08-01,-0.2999999999999998,-0.2000000000000001,-0.1000000000000005,0.0,0.0999999999999996,0.2000000000000001,0.30000000000000004,-0.3999999999999994
2021-09-01,-0.2999999999999998,-0.2000000000000001,-0.1000000000000005,0.0,0.0999999999999996,0.2000000000000001,0.30000000000000004,-0.2000000000000001
2021-10-01,-0.2999999999999998,-0.2000000000000001,-0.1000000000000005,0.0,0.0999999999999996,0.2000000000000001,0.30000000000000004,-0.4000000000000003
2021-11-01,-0.2999999999999998,-0.2000000000000001,-0.1000000000000005,0.0,0.0999999999999996,0.2000000000000001,0.3,-0.1999999999999997
2021-12-01,-0.2999999999999998,-0.2000000000000001,-0.1000000000000005,0.0,0.0999999999999996,0.2000000000000001,0.3,0.1
2022-01-01,-0.2999999999999998,-0.2000000000000001,-0.1000000000000005,0.0,0.0999999999999996,0.2000000000000001,0.29999999999999993,-0.1
2022-02-01,-0.2999999999999998,-0.2000000000000001,-0.1000000000000005,0.0,0.0999999999999996,0.2000000000000001,0.29999999999999993,-0.1999999999999997
2022-03-01,-0.2999999999999998,-0.2000000000000001,-0.1000000000000005,0.0,0.0999999999999996,0.2000000000000001,0.29999999999999993,0.0
2022-04-01,-0.2999999999999998,-0.2000000000000001,-0.1000000000000005,0.0,0.0999999999999996,0.2000000000000001,0.2999999999999999,-0.1
2022-05-01,-0.2999999999999998,-0.2000000000000001,-0.1000000000000005,0.0,0.0999999999999996,0.2000000000000001,0.2999999999999999,0.0
2022-06-01,-0.2999999999999998,-0.2000000000000001,-0.1000000000000005,0.0,0.0999999999999996,0.2000000000000001,0.2999999999999999,-0.1
2022-07-01,-0.2999999999999998,-0.2000000000000001,-0.1000000000000005,0.0,0.0999999999999996,0.2000000000000001,0.2999999999999998,0.1
2022-08-01,-0.2999999999999998,-0.2000000000000001,-0.1000000000000005,0.0,0.0999999999999996,0.2000000000000001,0.2999999999999998,-0.1
2022-09-01,-0.2999999999999998,-0.2000000000000001,-0.1000000000000005,0.0,0.0999999999999996,0.2000000000000001,0.2999999999999998,0.1
2022-10-01,-0.2999999999999998,-0.2000000000000001,-0.1000000000000005,0.0,0.0999999999999996,0.2000000000000001,0.2999999999999998,0.0
2022-11-01,-0.2999999999999998,-0.2000000000000001,-0.1000000000000005,0.0,0.0999999999999996,0.2000000000000001,0.2999999999999998,-0.1
2022-12-01,-0.2999999999999998,-0.2000000000000001,-0.1000000000000005,0.0,0.0999999999999996,0.2000000000000001,0.2999999999999998,0.0
2023-01-01,-0.2999999999999998,-0.2000000000000001,-0.1000000000000005,0.0,0.0999999999999996,0.2000000000000001,0.2999999999999998,0.1
2023-02-01,-0.2999999999999998,-0.2000000000000001,-0.1000000000000005,0.0,0.0999999999999996,0.2000000000000001,0.2999999999999998,-0.1
2023-03-01,-0.2999999999999998,-0.2000000000000001,-0.1000000000000005,0.0,0.0999999999999996,0.2000000000000001,0.2999999999999998,-0.1
2023-04-01,-0.2999999999999998,-0.2000000000000001,-0.1000000000000005,0.0,0.0999999999999996,0.2000000000000001,0.2999999999999998,0.2000000000000001
2023-05-01,-0.2999999999999998,-0.2000000000000001,-0.10000000000000038,0.0,0.0999999999999996,0.2000000000000001,0.2999999999999998,0.0
2023-06-01,-0.2999999999999998,-0.2000000000000001,-0.10000000000000026,0.0,0.0999999999999996,0.2000000000000001,0.2999999999999998,-0.1
2023-07-01,-0.2999999999999998,-0.2000000000000001,-0.10000000000000013,0.0,0.0999999999999996,0.2000000000000001,0.2999999999999998,0.2000000000000001
2023-08-01,-0.2999999999999998,-0.2000000000000001,-0.1,0.0,0.0999999999999996,0.2000000000000001,0.2999999999999998,0.0
2023-09-01,-0.2999999999999998,-0.2000000000000001,-0.1,0.0,0.0999999999999996,0.2000000000000001,0.2999999999999998,0.1999999999999997
2023-10-01,-0.2999999999999998,-0.2000000000000001,-0.1,0.0,0.0999999999999996,0.2000000000000001,0.2999999999999998,-0.1999999999999997
2023-11-01,-0.2999999999999998,-0.2000000000000001,-0.10000000000000013,0.0,0.0999999999999996,0.2000000000000001,0.2999999999999998,0.0999999999999996
2023-12-01,-0.2999999999999998,-0.2000000000000001,-0.1,0.0,0.0999999999999996,0.2000000000000001,0.2999999999999998,-0.0999999999999996
2024-01-01,-0.2999999999999998,-0.2000000000000001,-0.1,0.0,0.0999999999999996,0.2000000000000001,0.2999999999999998,0.1999999999999997
2024-02-01,-0.2999999999999998,-0.2000000000000001,-0.1,0.0,0.0999999999999996,0.2000000000000001,0.2999999999999998,0.0
2024-03-01,-0.2999999999999998,-0.2000000000000001,-0.1,0.0,0.0999999999999996,0.2000000000000001,0.2999999999999998,0.0
2024-04-01,-0.2999999999999998,-0.2000000000000001,-0.1,0.0,0.0999999999999996,0.2000000000000001,0.2999999999999998,0.0
2024-05-01,-0.2999999999999998,-0.2000000000000001,-0.1,0.0,0.0999999999999996,0.2000000000000001,0.2999999999999998,0.1999999999999997
2024-06-01,-0.2999999999999998,-0.2000000000000001,-0.1,0.0,0.0999999999999996,0.2000000000000001,0.2999999999999998,0.1000000000000005
2024-07-01,-0.2999999999999998,-0.2000000000000001,-0.1,0.0,0.0999999999999996,0.2000000000000001,0.2999999999999998,0.0
2024-08-01,-0.2999999999999998,-0.2000000000000001,-0.1,0.0,0.0999999999999996,0.2000000000000001,0.2999999999999998,-0.1000000000000005
2024-09-01,-0.2999999999999998,-0.2000000000000001,-0.1,0.0,0.0999999999999996,0.2000000000000001,0.2999999999999998,0.0
2024-10-01,-0.2999999999999998,-0.2000000000000001,-0.1,0.0,0.0999999999999996,0.2000000000000001,0.2999999999999998,0.1000000000000005
2024-11-01,-0.2999999999999998,-0.2000000000000001,-0.1,0.0,0.0999999999999996,0.2000000000000001,0.2999999999999998,-0.1000000000000005
2024-12-01,-0.2999999999999998,-0.2000000000000001,-0.1,0.0,0.0999999999999996,0.2000000000000001,0.2999999999999998,-0.0999999999999996
2025-01-01,-0.2999999999999998,-0.2000000000000001,-0.1,0.0,0.0999999999999996,0.2000000000000001,0.2999999999999998,0.2000000000000001
2025-02-01,-0.2999999999999998,-0.2000000000000001,-0.1,0.0,0.0999999999999996,0.2000000000000001,0.2999999999999998,0.0
2025-03-01,-0.2999999999999998,-0.2000000000000001,-0.1,0.0,0.0999999999999996,0.2000000000000001,0.2999999999999998,0.0
2025-04-01,-0.2999999999999998,-0.2000000000000001,-0.1,0.0,0.0999999999999996,0.2000000000000001,0.2999999999999998,0.0999999999999996
2025-05-01,-0.2999999999999998,-0.2000000000000001,-0.1,0.0,0.0999999999999996,0.2000000000000001,0.2999999999999998,-0.2000000000000001
2025-06-01,-0.2999999999999998,-0.2000000000000001,-0.1,0.0,0.0999999999999996,0.2000000000000001,0.2999999999999998,0.2000000000000001
2025-07-01,-0.2999999999999998,-0.2000000000000001,-0.1,0.0,0.0999999999999996,0.2000000000000001,0.2999999999999998,0.0
2025-08-01,-0.2999999999999998,-0.2000000000000001,-0.1,0.0,0.0999999999999996,0.2000000000000001,0.2999999999999998,0.1000000000000005
2025-11-01,-0.2999999999999998,-0.2000000000000001,-0.1,0.0,0.0999999999999996,0.2000000000000001,0.2999999999999998,-0.0999999999999996
2025-12-01,-0.2999999999999998,-0.2000000000000001,-0.1,0.0,0.0999999999999996,0.2000000000000001,0.2999999999999998,-0.1000000000000005
2026-01-01,-0.2999999999999998,-0.2000000000000001,-0.1,0.0,0.0999999999999996,0.2000000000000001,0.2999999999999998,0.1000000000000005
2026-02-01,-0.2999999999999998,-0.2000000000000001,-0.1,0.0,0.0999999999999996,0.2000000000000001,0.2999999999999998,-0.1000000000000005
2026-03-01,-0.2999999999999998,-0.2000000000000001,-0.1,0.0,0.0999999999999996,0.2000000000000001,0.2999999999999998,0.0
